"grpTbl","exp_results","WT","mt","dG","abs_dG","utr"
"G0007","HC_nonsig",-27.8,-27.8,0,0,"3utr"
"G0091","HC_nonsig",-55.3,-51.7,3.59999999999999,3.59999999999999,"3utr"
"G0132","HC_nonsig",-32.1,-28,4.1,4.1,"3utr"
"G0140","HC_nonsig",-27.5,-30.1,-2.6,2.6,"3utr"
"G0145","HC_nonsig",-21.7,-21.1,0.599999999999998,0.599999999999998,"3utr"
"G0162","HC_nonsig",-29.2,-33.8,-4.6,4.6,"3utr"
"G0175","HC_nonsig",-23,-23,0,0,"3utr"
"G0246","HC_nonsig",-23.7,-23.7,0,0,"3utr"
"G0263","HC_nonsig",-40.3,-42.4,-2.1,2.1,"3utr"
"G0275","HC_nonsig",-41.2,-41.9,-0.699999999999996,0.699999999999996,"3utr"
"G0277","HC_nonsig",-47.2,-45.1,2.1,2.1,"3utr"
"G0293","HC_nonsig",-26.7,-25.5,1.2,1.2,"3utr"
"G0301","HC_nonsig",-42.7,-41.1,1.6,1.6,"3utr"
"G0334","HC_nonsig",-28.2,-28.2,0,0,"3utr"
"G0337","HC_nonsig",-37.7,-38.8,-1.09999999999999,1.09999999999999,"3utr"
"G0350","HC_nonsig",-31.2,-28.2,3,3,"3utr"
"G0367","HC_nonsig",-35.1,-32.2,2.9,2.9,"3utr"
"G0380","HC_nonsig",-24.7,-26.2,-1.5,1.5,"3utr"
"G0386","HC_nonsig",-45.3,-45.3,0,0,"3utr"
"G0420","HC_nonsig",-45.9,-40.6,5.3,5.3,"3utr"
"G0425","HC_nonsig",-39.3,-39.3,0,0,"3utr"
"G0429","HC_nonsig",-36,-36,0,0,"3utr"
"G0435","HC_nonsig",-44.6,-44.3,0.300000000000004,0.300000000000004,"3utr"
"G0460","HC_nonsig",-33.4,-34.8,-1.4,1.4,"3utr"
"G0472","HC_nonsig",-29.4,-29.3,0.0999999999999979,0.0999999999999979,"3utr"
"G0507","HC_nonsig",-25.9,-23,2.9,2.9,"3utr"
"G0508","HC_nonsig",-33.4,-34,-0.600000000000001,0.600000000000001,"3utr"
"G0510","HC_nonsig",-34.3,-29.7,4.6,4.6,"3utr"
"G0535","HC_nonsig",-25.3,-25.2,0.100000000000001,0.100000000000001,"3utr"
"G0544","HC_nonsig",-25.7,-25.6,0.0999999999999979,0.0999999999999979,"3utr"
"G0547","HC_nonsig",-26.6,-27.8,-1.2,1.2,"3utr"
"G0553","HC_nonsig",-29,-30,-1,1,"3utr"
"G0582","HC_nonsig",-36.4,-34.1,2.3,2.3,"3utr"
"G0600","HC_nonsig",-35.7,-32.1,3.6,3.6,"3utr"
"G0601","HC_nonsig",-32.4,-29.8,2.6,2.6,"3utr"
"G0602","HC_nonsig",-23.3,-23.9,-0.599999999999998,0.599999999999998,"3utr"
"G0603","HC_nonsig",-32.1,-32.1,0,0,"3utr"
"G0615","HC_nonsig",-28,-28.4,-0.399999999999999,0.399999999999999,"3utr"
"G0643","HC_nonsig",-43.1,-38.7,4.4,4.4,"3utr"
"G0665","HC_nonsig",-35.4,-33.5,1.9,1.9,"3utr"
"G0709","HC_nonsig",-43.5,-43.2,0.299999999999997,0.299999999999997,"3utr"
"G0715","HC_nonsig",-39.7,-39.2,0.5,0.5,"3utr"
"G0750","HC_nonsig",-36.9,-38,-1.1,1.1,"3utr"
"G0751","HC_nonsig",-29.4,-28.6,0.799999999999997,0.799999999999997,"3utr"
"G0762","HC_nonsig",-21.3,-25.6,-4.3,4.3,"3utr"
"G0770","HC_nonsig",-25.1,-26.5,-1.4,1.4,"3utr"
"G0777","HC_nonsig",-33.4,-33.1,0.299999999999997,0.299999999999997,"3utr"
"G0787","HC_nonsig",-32.72,-34.2,-1.48,1.48,"3utr"
"G0791","HC_nonsig",-29.7,-29.5,0.199999999999999,0.199999999999999,"3utr"
"G0796","HC_nonsig",-23.6,-24.6,-1,1,"3utr"
"G0809","HC_nonsig",-25.3,-23.6,1.7,1.7,"3utr"
"G0846","HC_nonsig",-35.7,-35.8,-0.0999999999999943,0.0999999999999943,"3utr"
"G0848","HC_nonsig",-42.5,-42.5,0,0,"3utr"
"G0861","HC_nonsig",-20,-20,0,0,"3utr"
"G0881","HC_nonsig",-33.2,-33.9,-0.699999999999996,0.699999999999996,"3utr"
"G0905","HC_nonsig",-23.2,-24.6,-1.4,1.4,"3utr"
"G0914","HC_nonsig",-47.6,-48.9,-1.3,1.3,"3utr"
"G0916","HC_nonsig",-26.8,-26,0.800000000000001,0.800000000000001,"3utr"
"G0917","HC_nonsig",-23.4,-22.3,1.1,1.1,"3utr"
"G0934","HC_nonsig",-37.8,-37.7,0.0999999999999943,0.0999999999999943,"3utr"
"G0946","HC_nonsig",-39.5,-38.6,0.899999999999999,0.899999999999999,"3utr"
"G0964","HC_nonsig",-47.1,-47.1,0,0,"3utr"
"G0972","HC_nonsig",-29.6,-29.4,0.200000000000003,0.200000000000003,"3utr"
"G0975","HC_nonsig",-28.1,-28.1,0,0,"3utr"
"G1031","HC_nonsig",-40.2,-38.7,1.5,1.5,"3utr"
"G1051","HC_nonsig",-40.9,-43,-2.1,2.1,"3utr"
"G1061","HC_nonsig",-49,-48.5,0.5,0.5,"3utr"
"G1070","HC_nonsig",-35.4,-37.3,-1.9,1.9,"3utr"
"G1073","HC_nonsig",-34.5,-34.2,0.299999999999997,0.299999999999997,"3utr"
"G1089","HC_nonsig",-39.6,-39.6,0,0,"3utr"
"G1115","HC_nonsig",-32.5,-31.9,0.600000000000001,0.600000000000001,"3utr"
"G1150","HC_nonsig",-24.7,-25.1,-0.400000000000002,0.400000000000002,"3utr"
"G1164","HC_nonsig",-20.3,-21.3,-1,1,"3utr"
"G1199","HC_nonsig",-40.6,-35.8,4.8,4.8,"3utr"
"G1215","HC_nonsig",-24.6,-24.6,0,0,"3utr"
"G1232","HC_nonsig",-36.2,-34.3,1.90000000000001,1.90000000000001,"3utr"
"G1251","HC_nonsig",-35.4,-35.3,0.100000000000001,0.100000000000001,"3utr"
"G1261","HC_nonsig",-36.9,-38.9,-2,2,"3utr"
"G1262","HC_nonsig",-41.2,-45.3,-4.09999999999999,4.09999999999999,"3utr"
"G1267","HC_nonsig",-33.6,-33.6,0,0,"3utr"
"G1279","HC_nonsig",-30.1,-31.5,-1.4,1.4,"3utr"
"G1283","HC_nonsig",-28.2,-28.8,-0.600000000000001,0.600000000000001,"3utr"
"G1293","HC_nonsig",-27.2,-28.1,-0.900000000000002,0.900000000000002,"3utr"
"G1298","HC_nonsig",-38.5,-37.2,1.3,1.3,"3utr"
"G1320","HC_nonsig",-36.7,-31.6,5.1,5.1,"3utr"
"G1322","HC_nonsig",-35.37,-35.3,0.0700000000000003,0.0700000000000003,"3utr"
"G1329","HC_nonsig",-42.6,-42.6,0,0,"3utr"
"G1353","HC_nonsig",-36.2,-33.6,2.6,2.6,"3utr"
"G1368","HC_nonsig",-26.6,-27.5,-0.899999999999999,0.899999999999999,"3utr"
"G1370","HC_nonsig",-51.1,-50.8,0.300000000000004,0.300000000000004,"3utr"
"G1377","HC_nonsig",-25.8,-25.9,-0.0999999999999979,0.0999999999999979,"3utr"
"G1384","HC_nonsig",-33.9,-33.2,0.699999999999996,0.699999999999996,"3utr"
"G1409","HC_nonsig",-36.5,-36.5,0,0,"3utr"
"G1430","HC_nonsig",-19.8,-20.8,-1,1,"3utr"
"G1453","HC_nonsig",-35.5,-35.5,0,0,"3utr"
"G1468","HC_nonsig",-25.5,-25.2,0.300000000000001,0.300000000000001,"3utr"
"G1483","HC_nonsig",-32.2,-31.8,0.400000000000002,0.400000000000002,"3utr"
"G1492","HC_nonsig",-24.1,-26.3,-2.2,2.2,"3utr"
"G1496","HC_nonsig",-25.7,-27.7,-2,2,"3utr"
"G1497","HC_nonsig",-25.6,-25.7,-0.0999999999999979,0.0999999999999979,"3utr"
"G1526","HC_nonsig",-30.5,-27.8,2.7,2.7,"3utr"
"G1532","HC_nonsig",-22.8,-22.8,0,0,"3utr"
"G1554","HC_nonsig",-25.8,-26.8,-1,1,"3utr"
"G1594","HC_nonsig",-36.2,-35.6,0.600000000000001,0.600000000000001,"3utr"
"G1595","HC_nonsig",-37.2,-36.5,0.700000000000003,0.700000000000003,"3utr"
"G1639","HC_nonsig",-36.8,-37.9,-1.1,1.1,"3utr"
"G1680","HC_nonsig",-23.3,-22.2,1.1,1.1,"3utr"
"G1691","HC_nonsig",-51.6,-52,-0.399999999999999,0.399999999999999,"3utr"
"G1710","HC_nonsig",-38.7,-36.3,2.40000000000001,2.40000000000001,"3utr"
"G1759","HC_nonsig",-26,-27.6,-1.6,1.6,"3utr"
"G1768","HC_nonsig",-53.7,-49.8,3.90000000000001,3.90000000000001,"3utr"
"G1778","HC_nonsig",-31.2,-28.2,3,3,"3utr"
"G1780","HC_nonsig",-37.9,-38,-0.100000000000001,0.100000000000001,"3utr"
"G1789","HC_nonsig",-23.3,-22.8,0.5,0.5,"3utr"
"G1803","HC_nonsig",-40.3,-40.3,0,0,"3utr"
"G1823","HC_nonsig",-29.8,-29.4,0.400000000000002,0.400000000000002,"3utr"
"G1829","HC_nonsig",-21.1,-21.1,0,0,"3utr"
"G1830","HC_nonsig",-27.5,-26.1,1.4,1.4,"3utr"
"G1844","HC_nonsig",-29,-28.9,0.100000000000001,0.100000000000001,"3utr"
"G1847","HC_nonsig",-26.9,-28.6,-1.7,1.7,"3utr"
"G1885","HC_nonsig",-35.7,-36.1,-0.399999999999999,0.399999999999999,"3utr"
"G1888","HC_nonsig",-43.2,-44.2,-1,1,"3utr"
"G1889","HC_nonsig",-54,-58.5,-4.5,4.5,"3utr"
"G1907","HC_nonsig",-37.9,-35.6,2.3,2.3,"3utr"
"G1919","HC_nonsig",-23.4,-24.4,-1,1,"3utr"
"G1926","HC_nonsig",-22.7,-23.7,-1,1,"3utr"
"G1929","HC_nonsig",-36,-38.5,-2.5,2.5,"3utr"
"G1967","HC_nonsig",-33.7,-33.4,0.300000000000004,0.300000000000004,"3utr"
"G1984","HC_nonsig",-33.6,-31.4,2.2,2.2,"3utr"
"G2002","HC_nonsig",-29.8,-31.2,-1.4,1.4,"3utr"
"G2037","HC_nonsig",-33.3,-33.3,0,0,"3utr"
"G2042","HC_nonsig",-15.2,-13.9,1.3,1.3,"3utr"
"G2043","HC_nonsig",-15.2,-14.2,1,1,"3utr"
"G2063","HC_nonsig",-19.9,-20.3,-0.400000000000002,0.400000000000002,"3utr"
"G2118","HC_nonsig",-37.3,-36.7,0.599999999999994,0.599999999999994,"3utr"
"G2139","HC_nonsig",-29.1,-26.1,3,3,"3utr"
"G2141","HC_nonsig",-44.7,-47.2,-2.5,2.5,"3utr"
"G2150","HC_nonsig",-37,-37.1,-0.100000000000001,0.100000000000001,"3utr"
"G2162","HC_nonsig",-29.5,-30.7,-1.2,1.2,"3utr"
"G2192","HC_nonsig",-26.8,-26.8,0,0,"3utr"
"G2217","HC_nonsig",-45.8,-43,2.8,2.8,"3utr"
"G2235","HC_nonsig",-37.3,-37,0.299999999999997,0.299999999999997,"3utr"
"G2250","HC_nonsig",-26,-27,-1,1,"3utr"
"G2252","HC_nonsig",-35.3,-35.3,0,0,"3utr"
"G2272","HC_nonsig",-46,-43.9,2.1,2.1,"3utr"
"G2277","HC_nonsig",-35,-37.8,-2.8,2.8,"3utr"
"G2281","HC_nonsig",-41.5,-44.2,-2.7,2.7,"3utr"
"G2285","HC_nonsig",-36.6,-37.8,-1.2,1.2,"3utr"
"G2296","HC_nonsig",-31.7,-32.1,-0.400000000000002,0.400000000000002,"3utr"
"G2310","HC_nonsig",-24.6,-24.6,0,0,"3utr"
"G2326","HC_nonsig",-27.6,-30.5,-2.9,2.9,"3utr"
"G2361","HC_nonsig",-21.4,-21.4,0,0,"3utr"
"G2370","HC_nonsig",-28.5,-28.5,0,0,"3utr"
"G2378","HC_nonsig",-20.7,-21.8,-1.1,1.1,"3utr"
"G2388","HC_nonsig",-27.8,-28.2,-0.399999999999999,0.399999999999999,"3utr"
"G2392","HC_nonsig",-30.4,-29.6,0.799999999999997,0.799999999999997,"3utr"
"G2396","HC_nonsig",-30.7,-30.4,0.300000000000001,0.300000000000001,"3utr"
"G2405","HC_nonsig",-26,-26.6,-0.600000000000001,0.600000000000001,"3utr"
"G2408","HC_nonsig",-30.14,-26.74,3.4,3.4,"3utr"
"G2410","HC_nonsig",-26.3,-24.9,1.4,1.4,"3utr"
"G2413","HC_nonsig",-23,-23.1,-0.100000000000001,0.100000000000001,"3utr"
"G2420","HC_nonsig",-38.6,-41.4,-2.8,2.8,"3utr"
"G2429","HC_nonsig",-28,-28,0,0,"3utr"
"G2431","HC_nonsig",-28.8,-28.8,0,0,"3utr"
"G2459","HC_nonsig",-25.4,-26.2,-0.800000000000001,0.800000000000001,"3utr"
"G2473","HC_nonsig",-17.5,-17.5,0,0,"3utr"
"G2474","HC_nonsig",-37.9,-38.8,-0.899999999999999,0.899999999999999,"3utr"
"G2481","HC_nonsig",-43.5,-48.2,-4.7,4.7,"3utr"
"G2522","HC_nonsig",-47.2,-44.7,2.5,2.5,"3utr"
"G2555","HC_nonsig",-29.5,-30.6,-1.1,1.1,"3utr"
"G2559","HC_nonsig",-35.6,-35.8,-0.199999999999996,0.199999999999996,"3utr"
"G2621","HC_nonsig",-36.6,-36.6,0,0,"3utr"
"G2623","HC_nonsig",-23.4,-23.3,0.0999999999999979,0.0999999999999979,"3utr"
"G2624","HC_nonsig",-21.5,-21.5,0,0,"3utr"
"G2628","HC_nonsig",-34.1,-34.1,0,0,"3utr"
"G2639","HC_nonsig",-24.4,-22.7,1.7,1.7,"3utr"
"G2652","HC_nonsig",-36.9,-36.9,0,0,"3utr"
"G2659","HC_nonsig",-37.9,-37.9,0,0,"3utr"
"G2684","HC_nonsig",-23.8,-23.2,0.600000000000001,0.600000000000001,"3utr"
"G2685","HC_nonsig",-23.5,-24.4,-0.899999999999999,0.899999999999999,"3utr"
"G2692","HC_nonsig",-39.6,-39.6,0,0,"3utr"
"G2704","HC_nonsig",-30.3,-30,0.300000000000001,0.300000000000001,"3utr"
"G2707","HC_nonsig",-28,-29.2,-1.2,1.2,"3utr"
"G2719","HC_nonsig",-34.9,-33.4,1.5,1.5,"3utr"
"G2760","HC_nonsig",-22.3,-21.7,0.600000000000001,0.600000000000001,"3utr"
"G2764","HC_nonsig",-33.2,-33.2,0,0,"3utr"
"G2771","HC_nonsig",-20.7,-21.4,-0.699999999999999,0.699999999999999,"3utr"
"G2773","HC_nonsig",-20.6,-21.1,-0.5,0.5,"3utr"
"G2774","HC_nonsig",-39,-38.9,0.100000000000001,0.100000000000001,"3utr"
"G2776","HC_nonsig",-42.6,-42,0.600000000000001,0.600000000000001,"3utr"
"G2785","HC_nonsig",-27.2,-29,-1.8,1.8,"3utr"
"G2803","HC_nonsig",-28.2,-25.8,2.4,2.4,"3utr"
"G2814","HC_nonsig",-23.4,-23.6,-0.200000000000003,0.200000000000003,"3utr"
"G2815","HC_nonsig",-38.8,-38.2,0.599999999999994,0.599999999999994,"3utr"
"G2822","HC_nonsig",-37.9,-38.3,-0.399999999999999,0.399999999999999,"3utr"
"G2840","HC_nonsig",-35.6,-35.9,-0.299999999999997,0.299999999999997,"3utr"
"G2845","HC_nonsig",-24.9,-25,-0.100000000000001,0.100000000000001,"3utr"
"G2853","HC_nonsig",-35.9,-36.5,-0.600000000000001,0.600000000000001,"3utr"
"G2856","HC_nonsig",-33.7,-30.5,3.2,3.2,"3utr"
"G2869","HC_nonsig",-27.9,-26.2,1.7,1.7,"3utr"
"G2872","HC_nonsig",-36.9,-36.4,0.5,0.5,"3utr"
"G2902","HC_nonsig",-29.7,-29.7,0,0,"3utr"
"G2903","HC_nonsig",-31.7,-31.7,0,0,"3utr"
"G2914","HC_nonsig",-22.9,-23.3,-0.400000000000002,0.400000000000002,"3utr"
"G2931","HC_nonsig",-28.3,-25.4,2.9,2.9,"3utr"
"G2946","HC_nonsig",-24.6,-22.8,1.8,1.8,"3utr"
"G2951","HC_nonsig",-26,-27.8,-1.8,1.8,"3utr"
"G2956","HC_nonsig",-29.3,-29.3,0,0,"3utr"
"G2965","HC_nonsig",-53.4,-53.4,0,0,"3utr"
"G2980","HC_nonsig",-44,-44.5,-0.5,0.5,"3utr"
"G2982","HC_nonsig",-41.1,-41.1,0,0,"3utr"
"G2995","HC_nonsig",-22.1,-25.7,-3.6,3.6,"3utr"
"G3003","HC_nonsig",-25.5,-27.3,-1.8,1.8,"3utr"
"G3020","HC_nonsig",-34.8,-36.8,-2,2,"3utr"
"G3032","HC_nonsig",-31.9,-31.9,0,0,"3utr"
"G3047","HC_nonsig",-28.3,-28.6,-0.300000000000001,0.300000000000001,"3utr"
"G3050","HC_nonsig",-22.6,-22.4,0.200000000000003,0.200000000000003,"3utr"
"G3085","HC_nonsig",-22.5,-22.5,0,0,"3utr"
"G3098","HC_nonsig",-26.8,-26.8,0,0,"3utr"
"G3111","HC_nonsig",-33.4,-32.1,1.3,1.3,"3utr"
"G3117","HC_nonsig",-30.1,-30.6,-0.5,0.5,"3utr"
"G3150","HC_nonsig",-37.8,-35.2,2.59999999999999,2.59999999999999,"3utr"
"G3154","HC_nonsig",-21.9,-23,-1.1,1.1,"3utr"
"G3167","HC_nonsig",-27.6,-27.6,0,0,"3utr"
"G3214","HC_nonsig",-57.9,-59.5,-1.6,1.6,"5utr"
"G3254","HC_nonsig",-80.1,-80.1,0,0,"5utr"
"G3257","HC_nonsig",-43.9,-43.9,0,0,"5utr"
"G3275","HC_nonsig",-57,-57,0,0,"5utr"
"G3277","HC_nonsig",-56.6,-55.6,1,1,"5utr"
"G3301","HC_nonsig",-56.5,-56.5,0,0,"5utr"
"G3319","HC_nonsig",-33.6,-32.6,1,1,"5utr"
"G3357","HC_nonsig",-14.4,-14.4,0,0,"5utr"
"G3368","HC_nonsig",-74.4,-74.4,0,0,"5utr"
"G3410","HC_nonsig",-46.3,-46.3,0,0,"5utr"
"G3418","HC_nonsig",-56,-55,1,1,"5utr"
"G3444","HC_nonsig",-27,-27,0,0,"5utr"
"G3460","HC_nonsig",-61.5,-58.9,2.6,2.6,"5utr"
"G3481","HC_nonsig",-48.5,-49.3,-0.799999999999997,0.799999999999997,"5utr"
"G3501","HC_nonsig",-52.8,-50.8,2,2,"5utr"
"G3503","HC_nonsig",-43.9,-43.8,0.100000000000001,0.100000000000001,"5utr"
"G3509","HC_nonsig",-42.1,-42.5,-0.399999999999999,0.399999999999999,"5utr"
"G3528","HC_nonsig",-50.6,-52.5,-1.9,1.9,"5utr"
"G3542","HC_nonsig",-40.9,-40.9,0,0,"5utr"
"G3581","HC_nonsig",-40,-42.5,-2.5,2.5,"5utr"
"G3632","HC_nonsig",-46.7,-46.7,0,0,"5utr"
"G3666","HC_nonsig",-33.7,-33.9,-0.199999999999996,0.199999999999996,"5utr"
"G3682","HC_nonsig",-63.7,-67.7,-4,4,"5utr"
"G3684","HC_nonsig",-30.9,-31.4,-0.5,0.5,"5utr"
"G3707","HC_nonsig",-34,-34.4,-0.399999999999999,0.399999999999999,"5utr"
"G3712","HC_nonsig",-42.5,-40.9,1.6,1.6,"5utr"
"G3750","HC_nonsig",-41.3,-41.3,0,0,"5utr"
"G3778","HC_nonsig",-32.7,-31.8,0.900000000000002,0.900000000000002,"5utr"
"G3784","HC_nonsig",-14.5,-14.5,0,0,"5utr"
"G3827","HC_nonsig",-33.9,-32.7,1.2,1.2,"5utr"
"G3838","HC_nonsig",-60.3,-60.3,0,0,"5utr"
"G3840","HC_nonsig",-34.4,-34.4,0,0,"5utr"
"G3855","HC_nonsig",-28.2,-29.6,-1.4,1.4,"5utr"
"G3866","HC_nonsig",-46,-46.7,-0.700000000000003,0.700000000000003,"5utr"
"G3889","HC_nonsig",-51.6,-49.6,2,2,"5utr"
"G3908","HC_nonsig",-33.9,-30.2,3.7,3.7,"5utr"
"G3931","HC_nonsig",-25.8,-25.8,0,0,"5utr"
"G3932","HC_nonsig",-22.4,-22.4,0,0,"5utr"
"G3949","HC_nonsig",-34.3,-34.4,-0.100000000000001,0.100000000000001,"5utr"
"G4031","HC_nonsig",-57,-54.3,2.7,2.7,"5utr"
"G4033","HC_nonsig",-58.1,-54.6,3.5,3.5,"5utr"
"G4038","HC_nonsig",-50.6,-50.6,0,0,"5utr"
"G4087","HC_nonsig",-59.4,-61.1,-1.7,1.7,"5utr"
"G4106","HC_nonsig",-55.4,-52.7,2.7,2.7,"5utr"
"G4107","HC_nonsig",-40.7,-38.4,2.3,2.3,"5utr"
"G4184","HC_nonsig",-60.4,-56.4,4,4,"5utr"
"G4185","HC_nonsig",-60.4,-64.5,-4.1,4.1,"5utr"
"G4187","HC_nonsig",-28.3,-27.3,1,1,"5utr"
"G4194","HC_nonsig",-48.5,-48.2,0.299999999999997,0.299999999999997,"5utr"
"G4200","HC_nonsig",-53.9,-52.6,1.3,1.3,"5utr"
"G4246","HC_nonsig",-51.5,-52.2,-0.700000000000003,0.700000000000003,"5utr"
"G4353","HC_nonsig",-43.8,-43,0.799999999999997,0.799999999999997,"5utr"
"G4369","HC_nonsig",-75.6,-75.6,0,0,"5utr"
"G4390","HC_nonsig",-42,-38,4,4,"5utr"
"G4459","HC_nonsig",-51.2,-51,0.200000000000003,0.200000000000003,"5utr"
"G4491","HC_nonsig",-38.1,-38.3,-0.199999999999996,0.199999999999996,"5utr"
"G4494","HC_nonsig",-56.8,-55.5,1.3,1.3,"5utr"
"G4510","HC_nonsig",-31.2,-28.5,2.7,2.7,"5utr"
"G4522","HC_nonsig",-48.7,-50.6,-1.9,1.9,"5utr"
"G4526","HC_nonsig",-46.2,-46.8,-0.599999999999994,0.599999999999994,"5utr"
"G4532","HC_nonsig",-44,-43.2,0.799999999999997,0.799999999999997,"5utr"
"G4551","HC_nonsig",-44.7,-46,-1.3,1.3,"5utr"
"G4552","HC_nonsig",-27.1,-27,0.100000000000001,0.100000000000001,"5utr"
"G4565","HC_nonsig",-57.1,-56.3,0.800000000000004,0.800000000000004,"5utr"
"G4582","HC_nonsig",-40.3,-41.4,-1.1,1.1,"5utr"
"G4586","HC_nonsig",-30.7,-32,-1.3,1.3,"5utr"
"G4588","HC_nonsig",-43,-43,0,0,"5utr"
"G4590","HC_nonsig",-46.1,-46.5,-0.399999999999999,0.399999999999999,"5utr"
"G4640","HC_nonsig",-67.3,-64.6,2.7,2.7,"5utr"
"G4641","HC_nonsig",-67.3,-67.3,0,0,"5utr"
"G4663","HC_nonsig",-48.4,-48.4,0,0,"5utr"
"G4710","HC_nonsig",-61.3,-60.9,0.399999999999999,0.399999999999999,"5utr"
"G4729","HC_nonsig",-36.9,-34,2.9,2.9,"5utr"
"G4733","HC_nonsig",-44,-45.3,-1.3,1.3,"5utr"
"G4734","HC_nonsig",-44.4,-41.8,2.6,2.6,"5utr"
"G4738","HC_nonsig",-40.8,-40.7,0.0999999999999943,0.0999999999999943,"5utr"
"G4760","HC_nonsig",-47.9,-52.6,-4.7,4.7,"5utr"
"G4800","HC_nonsig",-39.4,-40,-0.600000000000001,0.600000000000001,"5utr"
"G4825","HC_nonsig",-50.2,-50.2,0,0,"5utr"
"G4858","HC_nonsig",-37,-38.1,-1.1,1.1,"5utr"
"G4860","HC_nonsig",-32,-32,0,0,"5utr"
"G4924","HC_nonsig",-51,-52.5,-1.5,1.5,"5utr"
"G4926","HC_nonsig",-51,-47.3,3.7,3.7,"5utr"
"G4927","HC_nonsig",-51,-48.9,2.1,2.1,"5utr"
"G4931","HC_nonsig",-51,-50.4,0.600000000000001,0.600000000000001,"5utr"
"G4952","HC_nonsig",-39.2,-39.2,0,0,"5utr"
"G4954","HC_nonsig",-65.8,-65.5,0.299999999999997,0.299999999999997,"5utr"
"G4970","HC_nonsig",-49.2,-47.1,2.1,2.1,"5utr"
"G4983","HC_nonsig",-32,-29.3,2.7,2.7,"5utr"
"G5110","HC_nonsig",-39,-37.5,1.5,1.5,"5utr"
"G5112","HC_nonsig",-31.9,-31.1,0.799999999999997,0.799999999999997,"5utr"
"G5164","HC_nonsig",-28.5,-28.1,0.399999999999999,0.399999999999999,"5utr"
"G5165","HC_nonsig",-57.8,-57.2,0.599999999999994,0.599999999999994,"5utr"
"G5186","HC_nonsig",-60,-59.8,0.200000000000003,0.200000000000003,"5utr"
"G5243","HC_nonsig",-29.9,-29.9,0,0,"5utr"
"G5272","HC_nonsig",-34.4,-32.1,2.3,2.3,"5utr"
"G5273","HC_nonsig",-21.1,-21.8,-0.699999999999999,0.699999999999999,"5utr"
"G5277","HC_nonsig",-34.4,-36.7,-2.3,2.3,"5utr"
"G5279","HC_nonsig",-38.5,-42,-3.5,3.5,"5utr"
"G5282","HC_nonsig",-26.4,-26.5,-0.100000000000001,0.100000000000001,"5utr"
"G5286","HC_nonsig",-28.3,-29.5,-1.2,1.2,"5utr"
"G5287","HC_nonsig",-49.1,-49.6,-0.5,0.5,"5utr"
"G5320","HC_nonsig",-35,-34.6,0.399999999999999,0.399999999999999,"5utr"
"G5325","HC_nonsig",-27.1,-27.5,-0.399999999999999,0.399999999999999,"5utr"
"G5330","HC_nonsig",-32.3,-35.5,-3.2,3.2,"5utr"
"G5332","HC_nonsig",-37,-37.4,-0.399999999999999,0.399999999999999,"5utr"
"G5334","HC_nonsig",-21.8,-23.1,-1.3,1.3,"5utr"
"G5335","HC_nonsig",-28.9,-26.1,2.8,2.8,"5utr"
"G5340","HC_nonsig",-26.2,-26.3,-0.100000000000001,0.100000000000001,"5utr"
"G5349","HC_nonsig",-30.5,-28.4,2.1,2.1,"5utr"
"G5356","HC_nonsig",-31.7,-31.7,0,0,"5utr"
"G5372","HC_nonsig",-46.2,-46.2,0,0,"5utr"
"G5513","HC_nonsig",-63.4,-61.5,1.9,1.9,"5utr"
"G5519","HC_nonsig",-54.7,-52.8,1.90000000000001,1.90000000000001,"5utr"
"G5591","HC_nonsig",-36,-32.3,3.7,3.7,"5utr"
"G5594","HC_nonsig",-28.8,-29.4,-0.599999999999998,0.599999999999998,"5utr"
"G5596","HC_nonsig",-35.4,-35.9,-0.5,0.5,"5utr"
"G5612","HC_nonsig",-32.5,-32.5,0,0,"5utr"
"G5629","HC_nonsig",-29.7,-29.7,0,0,"5utr"
"G5658","HC_nonsig",-30.7,-31.3,-0.600000000000001,0.600000000000001,"5utr"
"G5663","HC_nonsig",-36.9,-37.5,-0.600000000000001,0.600000000000001,"5utr"
"G5666","HC_nonsig",-30.1,-30,0.100000000000001,0.100000000000001,"5utr"
"G5669","HC_nonsig",-23.6,-30,-6.4,6.4,"5utr"
"G5681","HC_nonsig",-56.2,-56,0.200000000000003,0.200000000000003,"5utr"
"G5684","HC_nonsig",-49.1,-49.1,0,0,"5utr"
"G5687","HC_nonsig",-40.1,-39.8,0.300000000000004,0.300000000000004,"5utr"
"G5688","HC_nonsig",-48.7,-50.8,-2.09999999999999,2.09999999999999,"5utr"
"G5734","HC_nonsig",-32.9,-32.9,0,0,"5utr"
"G5772","HC_nonsig",-47.7,-47.7,0,0,"5utr"
"G5773","HC_nonsig",-44.7,-44.7,0,0,"5utr"
"G5779","HC_nonsig",-22.7,-25.3,-2.6,2.6,"5utr"
"G5803","HC_nonsig",-41.7,-41.6,0.100000000000001,0.100000000000001,"5utr"
"G5835","HC_nonsig",-41,-41.5,-0.5,0.5,"5utr"
"G5836","HC_nonsig",-54.5,-54.5,0,0,"5utr"
"G5839","HC_nonsig",-66.5,-69.1,-2.59999999999999,2.59999999999999,"5utr"
"G5840","HC_nonsig",-66.5,-64.1,2.40000000000001,2.40000000000001,"5utr"
"G5856","HC_nonsig",-40.5,-40.5,0,0,"5utr"
"G5857","HC_nonsig",-46.4,-48.3,-1.9,1.9,"5utr"
"G5904","HC_nonsig",-41.8,-45.2,-3.40000000000001,3.40000000000001,"5utr"
"G5906","HC_nonsig",-45.6,-43,2.6,2.6,"5utr"
"G5913","HC_nonsig",-23.4,-23.4,0,0,"5utr"
"G5938","HC_nonsig",-41.9,-41.9,0,0,"5utr"
"G5947","HC_nonsig",-29.1,-28.9,0.200000000000003,0.200000000000003,"5utr"
"G5952","HC_nonsig",-61.5,-61.3,0.200000000000003,0.200000000000003,"5utr"
"G5954","HC_nonsig",-45,-46.1,-1.1,1.1,"5utr"
"G5979","HC_nonsig",-23.4,-24.6,-1.2,1.2,"5utr"
"G5981","HC_nonsig",-22.2,-22.2,0,0,"5utr"
"G5982","HC_nonsig",-25.5,-24.4,1.1,1.1,"5utr"
"G5994","HC_nonsig",-66.9,-65,1.90000000000001,1.90000000000001,"5utr"
"G6007","HC_nonsig",-44.3,-44.2,0.0999999999999943,0.0999999999999943,"5utr"
"G6053","HC_nonsig",-32.6,-33.7,-1.1,1.1,"5utr"
"G6055","HC_nonsig",-33.4,-30.7,2.7,2.7,"5utr"
"G6057","HC_nonsig",-37.8,-37.5,0.299999999999997,0.299999999999997,"5utr"
"G6101","HC_nonsig",-49.6,-49.8,-0.199999999999996,0.199999999999996,"5utr"
"G6150","HC_nonsig",-34.2,-34.6,-0.399999999999999,0.399999999999999,"5utr"
"G6203","HC_nonsig",-47.5,-48,-0.5,0.5,"5utr"
"G6205","HC_nonsig",-38.2,-39.2,-1,1,"5utr"
"G6230","HC_nonsig",-62.9,-62.2,0.699999999999996,0.699999999999996,"5utr"
"G6300","HC_nonsig",-60.6,-59.3,1.3,1.3,"5utr"
"G6367","HC_nonsig",-23.9,-25.1,-1.2,1.2,"5utr"
"G6371","HC_nonsig",-31.5,-34,-2.5,2.5,"5utr"
"G6373","HC_nonsig",-21.9,-22.8,-0.900000000000002,0.900000000000002,"5utr"
"G6376","HC_nonsig",-26.2,-27.7,-1.5,1.5,"5utr"
"G6405","HC_nonsig",-56.7,-60.5,-3.8,3.8,"5utr"
"G6415","HC_nonsig",-43,-43.2,-0.200000000000003,0.200000000000003,"5utr"
"G6447","HC_nonsig",-30.8,-32,-1.2,1.2,"5utr"
"G6463","HC_nonsig",-47.8,-41.9,5.9,5.9,"5utr"
"G6464","HC_nonsig",-47.8,-41.9,5.9,5.9,"5utr"
"G6467","HC_nonsig",-50.1,-47.9,2.2,2.2,"5utr"
"G6472","HC_nonsig",-27.7,-27.5,0.199999999999999,0.199999999999999,"5utr"
"G6539","HC_nonsig",-55.8,-55.4,0.399999999999999,0.399999999999999,"5utr"
"G6552","HC_nonsig",-39.8,-39.5,0.299999999999997,0.299999999999997,"5utr"
"G0062","HC_sig",-39.5,-46.1,-6.6,6.6,"3utr"
"G0063","HC_sig",-39.5,-44.5,-5,5,"3utr"
"G0112","HC_sig",-44.4,-50.6,-6.2,6.2,"3utr"
"G0620","HC_sig",-33.2,-33.2,0,0,"3utr"
"G0844","HC_sig",-34.6,-35.4,-0.799999999999997,0.799999999999997,"3utr"
"G1030","HC_sig",-30.7,-30.3,0.399999999999999,0.399999999999999,"3utr"
"G1103","HC_sig",-29.5,-28.9,0.600000000000001,0.600000000000001,"3utr"
"G1110","HC_sig",-34.1,-34.1,0,0,"3utr"
"G1173","HC_sig",-33.5,-33.2,0.299999999999997,0.299999999999997,"3utr"
"G1361","HC_sig",-36.5,-36.5,0,0,"3utr"
"G1399","HC_sig",-47.5,-47.5,0,0,"3utr"
"G1474","HC_sig",-47,-46.9,0.100000000000001,0.100000000000001,"3utr"
"G1599","HC_sig",-33.1,-33.1,0,0,"3utr"
"G1703","HC_sig",-36.6,-35.5,1.1,1.1,"3utr"
"G1839","HC_sig",-27.8,-27,0.800000000000001,0.800000000000001,"3utr"
"G2039","HC_sig",-28.9,-30.8,-1.9,1.9,"3utr"
"G2040","HC_sig",-28.9,-29.65,-0.75,0.75,"3utr"
"G2041","HC_sig",-19.9,-19.9,0,0,"3utr"
"G2107","HC_sig",-38.6,-37.7,0.899999999999999,0.899999999999999,"3utr"
"G2112","HC_sig",-31.1,-31.1,0,0,"3utr"
"G2334","HC_sig",-29.6,-29.6,0,0,"3utr"
"G2400","HC_sig",-27.4,-27.4,0,0,"3utr"
"G2638","HC_sig",-29,-22.8,6.2,6.2,"3utr"
"G2694","HC_sig",-44,-44.4,-0.399999999999999,0.399999999999999,"3utr"
"G2861","HC_sig",-32.5,-30.9,1.6,1.6,"3utr"
"G3095","HC_sig",-29.7,-29.7,0,0,"3utr"
"G3147","HC_sig",-30.6,-30.2,0.400000000000002,0.400000000000002,"3utr"
"G3219","HC_sig",-64.6,-62.9,1.7,1.7,"5utr"
"G3320","HC_sig",-29,-28.6,0.399999999999999,0.399999999999999,"5utr"
"G3387","HC_sig",-55.6,-55.6,0,0,"5utr"
"G3543","HC_sig",-63.1,-60.5,2.6,2.6,"5utr"
"G3573","HC_sig",-27.2,-26,1.2,1.2,"5utr"
"G3647","HC_sig",-49.5,-49.5,0,0,"5utr"
"G3935","HC_sig",-56.7,-54.5,2.2,2.2,"5utr"
"G4119","HC_sig",-30.3,-29.7,0.600000000000001,0.600000000000001,"5utr"
"G4427","HC_sig",-60.2,-59,1.2,1.2,"5utr"
"G4928","HC_sig",-51,-48.6,2.4,2.4,"5utr"
"G5004","HC_sig",-54.9,-53.8,1.1,1.1,"5utr"
"G5134","HC_sig",-43,-41.4,1.6,1.6,"5utr"
"G5246","HC_sig",-27.7,-24,3.7,3.7,"5utr"
"G5598","HC_sig",-39.5,-38.8,0.700000000000003,0.700000000000003,"5utr"
"G5788","HC_sig",-54.2,-54.2,0,0,"5utr"
"G6046","HC_sig",-34.2,-32.7,1.5,1.5,"5utr"
"G6169","HC_sig",-48.1,-48.4,-0.299999999999997,0.299999999999997,"5utr"
"G6355","HC_sig",-58.6,-58.5,0.100000000000001,0.100000000000001,"5utr"
"G6450","HC_sig",-40,-36.7,3.3,3.3,"5utr"
