Matrix_id	Gene_name	Gene_id	Motif
100	PTBP1	ENSG00000011304	UCUUCUCUUC
1000	PTBP1	ENSG00000011304	CUCUUU
1001	PTBP1	ENSG00000011304	GUCUUU
1002	PTBP1	ENSG00000011304	CCUUCCUU
1003	PTBP1	ENSG00000011304	CCUCUUU
1004	PTBP1	ENSG00000011304	CUCUCU
1006	PTBP1	ENSG00000011304	CUCUCU
1008	PTBP1	ENSG00000011304	CUCUCU
1009	PTBP1	ENSG00000011304	CUUCUCUCU
1011	PTBP1	ENSG00000011304	UCUUCUCUCUU
1012	PTBP1	ENSG00000011304	UUCUCUUUUCU
1013	PTBP1	ENSG00000011304	UUCUCUUUUCU
1014	PTBP1	ENSG00000011304	UCUUCUU
1015	PTBP1	ENSG00000011304	UUUUUUU
1016	PTBP1	ENSG00000011304	CCCCCCC
1017	PTBP1	ENSG00000011304	GGGGGGG
1018	PTBP1	ENSG00000011304	UUUUUUU
1019	PTBP1	ENSG00000011304	UCUUC
1020	PTBP1	ENSG00000011304	UCUUU
1021	PTBP1	ENSG00000011304	UCUCU
1022	PTBP1	ENSG00000011304	UCCUCUUC
1023	PTBP1	ENSG00000011304	UCUUCUCU
1024	PTBP1	ENSG00000011304	CUUCUCUCU
1025	PTBP1	ENSG00000011304	CUCUCU
1026	HNRNPK	ENSG00000165119	CCCCCCC
1027	HNRNPK	ENSG00000165119	UCCCAA
1028	HNRNPK	ENSG00000165119	UCCCCCCAA
1029	HNRNPK	ENSG00000165119	UCCCCCAA
1031	HNRNPK	ENSG00000165119	UCCCCAA
1034	HNRNPK	ENSG00000165119	CCCCCCC
1035	HNRNPK	ENSG00000165119	GGGGGGG
1036	HNRNPK	ENSG00000165119	CCCCCCC
1037	HNRNPK	ENSG00000165119	GGGGGGG
1038	HNRNPK	ENSG00000165119	AAAAAAA
1039	HNRNPK	ENSG00000165119	UUUUUUU
104	QKI	ENSG00000112531	ACACACUAACCU
1040	HNRNPK	ENSG00000165119	CCCCCCC
1041	HNRNPK	ENSG00000165119	CCCCCCC
1042	HNRNPK	ENSG00000165119	GGGGGGG
1043	HNRNPK	ENSG00000165119	CCCCCCC
1044	HNRNPK	ENSG00000165119	CCCCCCC
1045	HNRNPK	ENSG00000165119	CCCCCCC
1046	HNRNPL	ENSG00000104824	ACAA
105	PTBP1	ENSG00000011304	UCCUCUUC
1051	HNRNPL	ENSG00000104824	CACC
1052	HNRNPL	ENSG00000104824	CACACCACA
1053	HNRNPLL	ENSG00000143889	CAGACGACA
1054	HNRNPLL	ENSG00000143889	CACACCACA
1055	HNRNPM	ENSG00000099783	GGGGGGG
1056	HNRNPM	ENSG00000099783	GAAGGAA
1058	FUS	ENSG00000089280	AAAAAAA
1059	FUS	ENSG00000089280	GGGGGGG
1060	FUS	ENSG00000089280	GGGGGGG
1061	FUS	ENSG00000089280	UUUUUUU
1062	SYNCRIP	ENSG00000135316	AAAAAAA
1063	SYNCRIP	ENSG00000135316	UUUUUUU
1064	SYNCRIP	ENSG00000135316	AAAAAAA
1065	SYNCRIP	ENSG00000135316	UUUUUUU
1066	SYNCRIP	ENSG00000135316	AAAAAAA
1067	HNRNPU	ENSG00000153187	AAAAAAA
1068	HNRNPU	ENSG00000153187	GGGGGGG
1069	HNRNPU	ENSG00000153187	UUUUUUU
107	PUM2	ENSG00000055917	UGUANAUA
1070	HNRNPU	ENSG00000153187	AAAAAAA
1071	HNRNPU	ENSG00000153187	CCCCCCC
1072	HNRNPU	ENSG00000153187	GGGGGGG
1073	HNRNPU	ENSG00000153187	GGGGGGG
1074	HNRNPU	ENSG00000153187	UUUUUUU
1075	TRA2A	ENSG00000164548	GAAGAGGAAG
1076	TRA2B	ENSG00000136527	AAGAAGAAG
1077	TRA2B	ENSG00000136527	AAUAAGAAG
1078	TRA2B	ENSG00000136527	AAGAAG
1079	TRA2B	ENSG00000136527	AGAAGGAAGG
1081	TRA2B	ENSG00000136527	GAAGAAGGAAA
1082	TRA2B	ENSG00000136527	GAAAGAAU
1083	TRA2B	ENSG00000136527	GAAAGAAG
1084	TRA2B	ENSG00000136527	GAAGAA
1085	TRA2B	ENSG00000136527	UCAAC
1086	TRA2B	ENSG00000136527	AAGAAC
1087	TRA2B	ENSG00000136527	AAGAAG
109	ZFP36	ENSG00000128016	UUAUUUAUU
1090	TRA2B	ENSG00000136527	GAAGGA
1091	TRA2B	ENSG00000136527	GAAUUA
1093	ELAVL2	ENSG00000107105	UUUUUUAUUUU
1094	ELAVL3	ENSMUSG00000003410	UUUUUUU
1095	ELAVL4	ENSG00000162374	UUUUUUAUUUU
1096	ELAVL4	ENSG00000162374	UUUUUUU
1097	ELAVL4	ENSG00000162374	UUAUUUAUUU
1098	ELAVL4	ENSG00000162374	UUUUUUU
1099	ELAVL4	ENSG00000162374	AAAAAAA
11	PTBP1	ENSG00000011304	CUUC
110	A1CF	ENSG00000148584	UGAUCAGUAUA
1100	ELAVL4	ENSG00000162374	UUUAUUUAUUUA
1101	ELAVL4	ENSG00000162374	AUUUAUUUAUUU
1102	ELAVL4	ENSG00000162374	UUUAUUUAUUU
1103	ELAVL1	ENSG00000066044	AUUUA
1104	ELAVL1	ENSG00000066044	UUUUU
1105	ELAVL1	ENSG00000066044	UUAUUUAUU
1106	ELAVL1	ENSG00000066044	UUUUUUU
1107	ELAVL1	ENSG00000066044	CCCCCCC
1108	ELAVL1	ENSG00000066044	UUUUUUU
1109	KHSRP	ENSG00000088247	AUUUUA
1110	KHSRP	ENSG00000088247	UAUUUAUUAUUU
1111	KHSRP	ENSG00000088247	UAUUUA
1112	KHSRP	ENSG00000088247	UAUUAU
1113	KHSRP	ENSG00000088247	UGCAUG
1114	KHSRP	ENSG00000088247	UUGGG
1115	KHSRP	ENSG00000088247	UUUAG
1116	KHSRP	ENSG00000088247	UGGGU
1117	KHSRP	ENSG00000088247	UAGGG
1118	KHSRP	ENSG00000088247	UAUUAU
1119	KHSRP	ENSG00000088247	UAGUAU
112	CSTF2	ENSG00000101811	GUGUGUGUUUUG
1120	KHSRP	ENSG00000088247	UAGGUA
1121	MBNL1	ENSG00000152601	CGCUUU
1122	MBNL1	ENSG00000152601	UGCUGCUUUU
1123	MBNL1	ENSG00000152601	GGCUUU
1124	MBNL1	ENSG00000152601	CGCUGCGGC
1125	MBNL1	ENSG00000152601	UGUCUCGCU
1126	MBNL1	ENSG00000152601	GCGCUUGUGC
1127	NOVA1	ENSG00000139910	CCCCCCC
1128	NOVA1	ENSG00000139910	GGGGGGG
1129	NOVA1	ENSG00000139910	UUUUUUU
1130	NOVA1	ENSG00000139910	UUCAU
1131	NOVA1	ENSG00000139910	UUCAG
1132	NOVA1	ENSG00000139910	UGUGU
1133	NOVA2	ENSG00000104967	AUCAC
1134	PTBP2	ENSG00000117569	CUCUCU
1135	SFPQ	ENSG00000116560	UUUUUUU
1136	SFPQ	ENSG00000116560	GAAGGA
1138	QKI	ENSG00000112531	AUUAAC
1139	QKI	ENSG00000112531	CUAAU
114	PUM1	ENSG00000134644	UGUAHAUA
1140	QKI	ENSG00000112531	CGAGU
1141	QKI	ENSG00000112531	ACUUAU
1142	QKI	ENSG00000112531	ACUAAU
1143	RBM25	ENSG00000119707	CGGGCA
1144	RBM25	ENSG00000119707	AUCGGGCA
1145	RBM4	ENSG00000173933	UCCUUCUUG
1146	RBM4	ENSG00000173933	CCUUCCUU
1147	RBM4	ENSG00000173933	CCUCUUU
1148	RBM5	ENSG00000003756	CUCUUCUCU
1149	RBM5	ENSG00000003756	GGGGGGG
1150	RBM5	ENSG00000003756	CCCCCCC
1151	RBM5	ENSG00000003756	AAAAAAA
1152	RBM5	ENSG00000003756	AGGUAA
1153	RBM5	ENSG00000003756	GGGGGG
1154	RBM5	ENSG00000003756	GGUGGU
1155	KHDRBS1	ENSG00000121774	UUUUUU
1156	KHDRBS1	ENSG00000121774	UUAAAA
1157	KHDRBS1	ENSG00000121774	UUUUA
1158	KHDRBS1	ENSG00000121774	UUUUUUU
1159	KHDRBS1	ENSG00000121774	UUUUUUU
116	PUM2	ENSG00000055917	UGUAHAUA
1160	SRSF2	ENSG00000161547	AGAAG
1161	SRSF2	ENSG00000161547	AGCAG
1162	SRSF2	ENSG00000161547	AGGAG
1163	SRSF2	ENSG00000161547	AGUAG
1164	SRSF2	ENSG00000161547	AUCCCGUG
1165	SRSF2	ENSG00000161547	CACCUCCG
1166	SRSF2	ENSG00000161547	GAAUCCCG
1167	SRSF2	ENSG00000161547	GUAAGUACGC
1168	SRSF2	ENSG00000161547	GAUUAGUG
1169	SRSF2	ENSG00000161547	CUAGACUAGA
117	PTBP1	ENSG00000011304	UCUCU
1170	SRSF2	ENSG00000161547	CAGUAGA
1171	SRSF2	ENSG00000161547	GAGGAG
1172	SRSF2	ENSG00000161547	GAUUGAUG
1173	SRSF2	ENSG00000161547	GAUUCCCU
1174	SRSF2	ENSG00000161547	GAAGAAGA
1175	SRSF2	ENSG00000161547	AGCUGUU
1176	SRSF2	ENSG00000161547	UGCUGUU
1177	SRSF2	ENSG00000161547	AGAGGAAGGCGA
1178	SRSF2	ENSG00000161547	GAAGAAGAA
1179	SRSF2	ENSG00000161547	GGAGGA
118	IGF2BP3	ENSG00000136231	CAUU
1180	SRSF2	ENSG00000161547	AAAAGAGAAG
1181	SRSF2	ENSG00000161547	GAGGAGGA
1182	SRSF2	ENSG00000161547	GGAGGAC
1183	SRSF2	ENSG00000161547	GGAGGAG
1184	SF1	ENSG00000168066	UGCUGAC
1185	SF1	ENSG00000168066	UGCUGCC
1186	SF1	ENSG00000168066	UACUAAC
1187	SF1	ENSG00000168066	CACUGAC
1188	SF1	ENSG00000168066	CGCUGAC
1189	SF1	ENSG00000168066	CACCGAC
119	ELAVL3	ENSG00000196361	AUUUAUUUUA
1190	SF1	ENSG00000168066	CACAGAC
1191	SF1	ENSG00000168066	GACUAAC
1192	SF1	ENSG00000168066	UACUAAG
1193	SF1	ENSG00000168066	UACUGAC
1194	SF1	ENSG00000168066	UAGUAAG
1195	SF1	ENSG00000168066	UGCUAAC
1196	SF1	ENSG00000168066	UACUAAC
1197	SF1	ENSG00000168066	UACUAAC
1198	SF1	ENSG00000168066	UACUAAU
1199	SF1	ENSG00000168066	GACUAAC
12	KHSRP	ENSG00000088247	UUAG
120	SF1	ENSG00000168066	UAUACUAACAA
1200	SF1	ENSG00000168066	UAGUAAC
1201	SF1	ENSG00000168066	UACUGAC
1202	SF1	ENSG00000168066	UGCUGAC
1203	SF1	ENSG00000168066	UACUAAG
1204	SF1	ENSG00000168066	UACUAGC
1205	SF1	ENSG00000168066	UACGAAC
1206	SF1	ENSG00000168066	ACAGUCA
1207	SF1	ENSG00000168066	UACUAAC
1208	SF1	ENSG00000168066	AUUAAC
1209	SF1	ENSG00000168066	ACUUAU
121	HNRNPK	ENSG00000165119	UCCCCAA
1210	SF1	ENSG00000168066	ACUAAU
1211	SRSF1	ENSG00000136450	GAUGAAGAG
1212	SRSF1	ENSG00000136450	AGAGCAGG
1213	SRSF1	ENSG00000136450	GAGGAAGAA
1214	SRSF1	ENSG00000136450	AGACAGAGAC
1215	SRSF1	ENSG00000136450	GAAGAAGAA
1216	SRSF1	ENSG00000136450	UGGAAAG
1217	SRSF1	ENSG00000136450	UAUUACGGAAU
1218	SRSF1	ENSG00000136450	GCAUAC
1219	SRSF1	ENSG00000136450	GGAUUC
122	NELFE	ENSG00000204356	UCUGGCUAAC
1220	SRSF1	ENSG00000136450	GGGUAC
1221	SRSF1	ENSG00000136450	GGAUAU
1222	SRSF1	ENSG00000136450	GGAUAC
1223	SRSF1	ENSG00000136450	CGGAAGA
1224	SRSF1	ENSG00000136450	CAGACAG
1225	SRSF1	ENSG00000136450	GAAGAAGA
1226	SRSF1	ENSG00000136450	AGAGGAAGGCGA
1227	SRSF1	ENSG00000136450	GAAGAAGAA
1228	SRSF1	ENSG00000136450	CAGACAA
1229	SRSF1	ENSG00000136450	AAGGUG
123	HNRNPA3	ENSG00000170144	GCCAAGGAGCC
1230	SRSF1	ENSG00000136450	AAAAGAGAAG
1231	SRSF1	ENSG00000136450	GAGGAGGA
1232	SRSF1	ENSG00000136450	GGAGGAC
1233	SRSF1	ENSG00000136450	GGAGGAG
1234	SRSF1	ENSG00000136450	AGGAGGA
1235	SRSF1	ENSG00000136450	CAGAGGU
1236	SRSF1	ENSG00000136450	CGCAGGG
1237	SRSF1	ENSG00000136450	CGCAGGU
1238	SRSF1	ENSG00000136450	GACCCGG
1239	SRSF1	ENSG00000136450	AAAGAAGAA
124	YBX1	ENSG00000065978	UCCAGCAA
1240	SRSF1	ENSG00000136450	AACACGA
1241	SRSF1	ENSG00000136450	CACACGA
1242	KHDRBS2	ENSG00000112232	UUUUUUU
1243	KHDRBS3	ENSG00000131773	UUUUUUU
1244	SRSF3	ENSG00000112081	CCUCUUCC
1245	SRSF3	ENSG00000112081	CCUCGUCC
1246	SRSF3	ENSG00000112081	CUCUUCAC
1247	SRSF3	ENSG00000112081	CUUCAAC
1248	SRSF3	ENSG00000112081	UCUUCAC
1249	SRSF3	ENSG00000112081	CAUCAU
125	HNRNPA2B1	ENSG00000122566	GCCAAGGAGCC
1250	SRSF3	ENSG00000112081	CUUCAC
1251	SRSF3	ENSG00000112081	UCAUC
1252	SRSF3	ENSG00000112081	UUCAC
1253	SRSF3	ENSG00000112081	CAUC
1254	SRSF3	ENSG00000112081	GAUC
1255	SRSF3	ENSG00000112081	UUCUUCAUCC
1256	SRSF9	ENSG00000111786	AGGAG
1257	SRSF9	ENSG00000111786	CUGGAUU
1258	SRSF9	ENSG00000111786	AGGAC
1259	SRSF10	ENSG00000188529	AGACAA
126	SRSF1	ENSG00000136450	CSMMSSA
1260	SRSF10	ENSG00000188529	GACAAA
1262	SRSF10	ENSG00000188529	AAAGACAAA
1263	SRSF5	ENSG00000100650	GAGGAAGAA
1264	SRSF5	ENSG00000100650	AUAAAGG
1265	SRSF5	ENSG00000100650	GAAGAAGA
1266	SRSF11	ENSG00000116754	AAGAAG
1267	SRSF6	ENSG00000124193	GAGGAAGAA
1268	SRSF6	ENSG00000124193	UGCGGA
1269	SRSF6	ENSG00000124193	UGUGGA
1270	SRSF6	ENSG00000124193	GAAGAAGA
1271	SRSF6	ENSG00000124193	GCAGCACCUGGC
1272	SRSF6	ENSG00000124193	GCUCAUCCUGGC
1273	SRSF6	ENSG00000124193	GAUCAACCUGGC
1274	SRSF4	ENSG00000116350	GAGGAAGAA
1275	SRSF4	ENSG00000116350	GAAGAAGA
1276	TARDBP	ENSG00000120948	GUUUUGC
1277	TARDBP	ENSG00000120948	GUUGUUC
1278	TARDBP	ENSG00000120948	GUUGUGC
1279	TARDBP	ENSG00000120948	UGUGUG
128	ZFP36	ENSG00000128016	AAUAA
1280	TARDBP	ENSG00000120948	UGUGUGUGUGUG
1281	TARDBP	ENSG00000120948	UGUGUGUG
1282	TARDBP	ENSG00000120948	UGUGUGUGUG
1283	TARDBP	ENSG00000120948	UGUGUGUGUGUG
1284	TIA1	ENSG00000116001	UUUUUUAUUUU
1285	TIA1	ENSG00000116001	UUCUCCUUUC
1286	TIA1	ENSG00000116001	UUUUUUUUU
1287	TIAL1	ENSG00000151923	UUUUUUAUUUU
1288	TIAL1	ENSG00000151923	UUUUCAGUUUU
1289	TIAL1	ENSG00000151923	UUUUAAAUUUU
129	PUM2	ENSG00000055917	UGUAHAUA
1290	YBX1	ENSG00000065978	CAACCACACCAC
1291	YBX1	ENSG00000065978	CAACCACAA
1292	YBX1	ENSG00000065978	AGAAC
1293	YBX1	ENSG00000065978	ACAAC
1294	YBX1	ENSG00000065978	GAUC
1295	YBX1	ENSG00000065978	CAUCUG
1296	YBX1	ENSG00000065978	CAUCGC
1297	YBX1	ENSG00000065978	GAUCUG
1298	YBX1	ENSG00000065978	CAUC
1299	YBX1	ENSG00000065978	CAUCAUC
13	KHSRP	ENSG00000088247	UGGG
1300	ZRANB2	ENSG00000132485	AGGGAA
1301	ZRANB2	ENSG00000132485	GGUGGU
1302	ZRANB2	ENSG00000132485	GGUAAAGGU
1303	ZRANB2	ENSG00000132485	GGUGGUGGU
1306	HNRNPA1	ENSG00000135486	GAGGAAGGUG
1309	TRA2B	ENSG00000136527	GAAAGAAU
131	HNRNPH1	ENSG00000169045	DGGGD
1310	SRSF1	ENSG00000136450	CAGACAA
1311	SRSF2	ENSG00000161547	GACCCGCA
1312	SRSF1	ENSG00000136450	GGAAGAAC
1313	TRA2B	ENSG00000136527	GAAGAAGGAAA
1314	PTBP1	ENSG00000011304	GGCUCCCCC
1315	TRA2B	ENSG00000136527	AAGAAGAAG
1316	RBMX	ENSG00000147274	AAGUAACAA
1321	YBX1	ENSG00000065978	CACCACCACC
1323	SRSF2	ENSG00000161547	GGCUGCAA
1326	SRSF1	ENSG00000136450	GAAGGA
1327	SRSF1	ENSG00000136450	UGAUGGAGA
1328	TRA2A	ENSG00000164548	AGAAAGAAGAAA
133	PTBP1	ENSG00000011304	CUCUCU
1330	SRSF5	ENSG00000100650	CAACAGC
1331	HNRNPF	ENSG00000169813	GAGGAAGGUG
1332	SRSF7	ENSG00000115875	AGAGGAAGGCGA
1333	SRSF5	ENSG00000100650	CCGCAGG
1334	SRSF2	ENSG00000161547	GRYYMCYR
1335	SRSF1	ENSG00000136450	CGCAGGC
1336	SRSF1	ENSG00000136450	GAGGAAGGUG
1339	YBX1	ENSG00000065978	CAACCACAA
1340	PTBP1	ENSG00000011304	UUCUUUU
1343	SRSF5	ENSG00000100650	YRCRKM
1344	SRSF2	ENSG00000161547	AGAGGAAGGCGA
1345	SRSF1	ENSG00000136450	GAAGGAC
1346	HNRNPA1	ENSG00000135486	CUAGACUAGA
1347	HNRNPH1	ENSG00000169045	GAGGAAGGUG
1348	SRSF2	ENSG00000161547	UGCCGUU
1349	SRSF1	ENSG00000136450	GGACAA
1352	SRSF2	ENSG00000161547	GAAGAAGAA
1353	SRSF1	ENSG00000136450	GAAAGGAGA
1354	SRSF3	ENSG00000112081	CACCACCACC
1355	SRSF5	ENSG00000100650	GAGGAAGAA
1357	SRSF2	ENSG00000161547	AGAUCC
1358	HNRNPA1	ENSG00000135486	UAGACA
136	PTBP1	ENSG00000011304	UCUUC
1360	SRSF7	ENSG00000115875	GAAGAAGAA
1361	RBMX	ENSG00000147274	AAGU
1363	SRSF2	ENSG00000161547	UUAG
1364	SRSF1	ENSG00000136450	CUGAGUU
1366	HNRNPA1	ENSG00000135486	UUAG
1367	SRSF1	ENSG00000136450	GAAGGAG
1368	PTBP1	ENSG00000011304	UUUUUCCC
137	PUM1	ENSG00000134644	AAUUGUACAUAA
1373	SRSF1	ENSG00000136450	AGAGCAGG
1375	TRA2B	ENSG00000136527	GAAAGAAG
1376	SRSF1	ENSG00000136450	UUAAUUUCAAGA
1377	RBMX	ENSG00000147274	AAGUGUU
1378	NOVA1	ENSG00000139910	UCAGUCAC
138	ZFP36	ENSG00000128016	CUUGU
1380	SRSF2	ENSG00000161547	UGAUGGAGA
1383	SRSF1	ENSG00000136450	GGAAGAAG
1384	SRSF6	ENSG00000124193	YYWCWSG
1385	SRSF1	ENSG00000136450	AAGAGGA
1386	RBMX	ENSG00000147274	AAGAAGGAAGG
1387	HNRNPH1	ENSG00000169045	GGGG
1389	SRSF1	ENSG00000136450	GAAGAAGAA
1390	SRSF1	ENSG00000136450	GAGGAAGAA
1391	HNRNPH1	ENSG00000169045	GGGA
1392	SRSF6	ENSG00000124193	GAGGAAGAA
1393	SRSF1	ENSG00000136450	CRSMSGW
1394	NOVA1 	ENSG00000139910	UCAC
1395	SRSF2	ENSG00000161547	GAAAGGAGA
1396	HNRNPAB	ENSG00000197451	AUAGCA
1397	HNRNPA1	ENSG00000135486	UAGG
1398	PTBP1	ENSG00000011304	UUCUUC
141	RBFOX2	ENSG00000100320	UGCAUG
142	HNRNPH2	ENSG00000126945	DGGGD
143	PTBP1	ENSG00000011304	YCUNN
144	TARDBP	ENSG00000120948	UGUGUGUGUGUG
147	SRSF10	ENSG00000188529	AGACAA
15	ZFP36L2	ENSG00000152518	UUAUUUAUU
151	PUM1	ENSG00000134644	UGUAHAUA
155	ZFP36	ENSG00000128016	HCYUBY
156	PCBP2	ENSG00000197111	CUAACCCUAA
161	ELAVL1	ENSG00000066044	UUUAUUUAUUUA
162	CSTF2	ENSG00000101811	GUGUGUGUUUG
163	SRSF10	ENSG00000188529	GACAAA
164	ELAVL1	ENSG00000066044	AUUUAUUUAUUU
165	PTBP1	ENSG00000011304	CUNN
166	PCBP2	ENSG00000197111	UCCCCA
167	SRSF1	ENSG00000136450	CSSNSSR
169	HNRNPLL	ENSG00000143889	CACYGCA
17	SRSF1	ENSG00000136450	CACACGA
171	HNRNPF	ENSG00000169813	DGGGD
172	KHSRP	ENSG00000088247	AGGG
175	KHSRP	ENSG00000088247	CNSCYUCC
178	TARDBP	ENSG00000120948	UGUGUGUGUGUG
182	HNRNPH3	ENSG00000096746	DGGGD
183	HNRNPA1	ENSG00000135486	GCCAAGGAGCC
184	KHSRP	ENSG00000088247	UGGGU
185	NONO	ENSG00000147140	GAGAGGAAC
19	CSTF2	ENSG00000101811	UGUGUGUU
20	PPIE	ENSG00000084072	AAUAAA
21	NELFE	ENSG00000204356	GGUCUCUCUG
25	PTBP1	ENSG00000011304	CUUCUCUCU
28	KHSRP	ENSG00000088247	UAUUAU
3	QKI	ENSG00000112531	ACUAAC
31	PTBP1	ENSG00000011304	UCUU
325	SRSF1	ENSG00000136450	UGRWGVH
327	IGHMBP2	ENSG00000132740	AAAAAAAA
33	G3BP1	ENSG00000145907	ACCCMYMSGCMS
330	SUPV3L1	ENSG00000156502	CCGCCC
332	DDX19B	ENSG00000157349	UUUUUUU
333	CPEB1	ENSG00000214575	UUUUA
334	PCBP2	ENSG00000197111	CCCU
335	RBFOX1	ENSG00000078328	UGCAUGU
337	PUM1	ENSG00000134644	UGUAGAUA
339	PUM1	ENSG00000134644	UGUAUAUA
342	SRP14	ENSG00000140319	CCUGU
343	PUM1	ENSG00000134644	UUUAAUGUU
344	SRP14	ENSG00000140319	GUGG
345	CPEB4	ENSG00000113742	CUUUA
346	SNRPA	ENSG00000077312	AUUGCACC
347	SRP68	ENSG00000167881	CUAAG
352	QKI	ENSG00000112531	ACUAAC
353	ELAVL4	ENSG00000162374	UAUUUAUUUA
354	RC3H1	ENSG00000135870	CCUUCUGUG
359	AGO1	ENSG00000092847	ACUCU
36	PPIE	ENSG00000084072	AAUAAA
361	PUM2	ENSG00000055917	UGUACAUC
363	SRP68	ENSG00000167881	GGAGC
365	CELF2	ENSG00000048740	UGUU
366	F2	ENSG00000180210	GAAG
367	ELAVL1	ENSG00000066044	UUUU
368	TRA2B	ENSG00000136527	AGAA
370	PCBP2	ENSG00000197111	CCCUAA
375	SRSF1	ENSG00000136450	UGAAGGAC
377	DHX9	ENSG00000135829	CGCG
38	ZFP36	ENSG00000128016	AUUUA
380	PTBP1	ENSG00000011304	CUCUCU
381	DDX58	ENSG00000107201	GGCG
385	OAS1	ENSG00000089127	UUGA
388	ZNF346	ENSG00000113761	CCACC
389	PUM1	ENSG00000134644	UGUACAUA
391	IFIH1	ENSG00000115267	GGCCCU
399	AGO2	ENSG00000123908	UAAAGUGCUU
40	SRSF1	ENSG00000136450	GAAGAA
400	IFIH1	ENSG00000115267	UCCG
402	SRP19	ENSG00000153037	CCUC
406	PUM1	ENSG00000134644	UGUACAUC
407	EIF4A3	ENSG00000141543	UUUUUU
408	SRP54	ENSG00000100883	AGGU
41	KHSRP	ENSG00000088247	NUGURURU
410	RBMY1A1	ENSG00000234414	ACAAGAC
412	ERI1	ENSG00000104626	AGCC
414	AGO2	ENSG00000123908	AAAAAAAAA
416	PABPC1	ENSG00000070756	AAAAAAAA
418	NXF1	ENSG00000162231	AACCUG
419	PUM1	ENSG00000134644	UGUAUAU
42	SFPQ	ENSG00000116560	UGGAGAGGAAC
420	NUDT21	ENSG00000167005	UUGUA
422	DHX58	ENSG00000108771	GCGCG
424	ELAVL4	ENSG00000162374	AUUU
425	CELF1	ENSG00000149187	UGUGUG
426	EIF4A3	ENSG00000141543	UUUUUU
427	CMTR1	ENSG00000137200	GAUC
428	ZFP36L2	ENSG00000152518	UUAUUUAUU
43	HNRNPA1	ENSG00000135486	UUAGGGUUAGGG
432	EIF4A3	ENSG00000141543	UUUUUU
435	DHX9	ENSG00000135829	GCGCG
436	CELF1	ENSG00000149187	UGUUU
439	SRSF2	ENSG00000161547	UCCAGU
440	NOVA1	ENSG00000139910	CAGUCAC
445	SRP14	ENSG00000140319	CGCCUGUAG
45	PPIE	ENSG00000084072	AAAAAA
450	FMR1	ENSG00000102081	GCUGC
452	PABPC1	ENSG00000070756	AAAAAAA
454	NXF1	ENSG00000162231	AGAC
456	SRP54	ENSG00000100883	GGAGC
457	SSB	ENSG00000138385	UGCUG
458	DHX9	ENSG00000135829	GCGC
459	NOVA1	ENSG00000139910	UCACC
46	GRSF1	ENSG00000132463	DGGGD
461	U2AF2	ENSG00000063244	UUUUU
465	U2AF2	ENSG00000063244	UUUUUUU
467	RC3H1	ENSG00000135870	UCCCUUCUGUG
469	XPO5	ENSG00000124571	CCGC
47	ELAVL3	ENSG00000196361	UAUUUAUUUU
471	SRP19	ENSG00000153037	UCGG
472	PHAX	ENSG00000164902	AUCG
473	DDX58	ENSG00000107201	GCGCGC
476	ELAVL1	ENSG00000066044	AUUUU
478	CELF1	ENSG00000149187	UUGUG
480	PABPC1	ENSG00000070756	AAAAAAA
481	ZNF346	ENSG00000113761	GUGGU
484	PUM1	ENSG00000134644	UGUAAUAUU
485	OAS1	ENSG00000089127	AAAGC
489	PTBP1	ENSG00000011304	CUCU
49	ZFP36	ENSG00000128016	UUGUGS
492	NOVA2	ENSG00000104967	GAUCACC
493	SRP68	ENSG00000167881	CCUC
494	ADAR	ENSG00000160710	GCGCG
495	SF1	ENSG00000168066	AUACUAACAA
499	NUDT21	ENSG00000167005	UGUA
50	YTHDC1	ENSG00000083896	GCAUGC
501	SRP68	ENSG00000167881	UCGG
502	SRSF2	ENSG00000161547	UGGAGU
503	PUM2	ENSG00000055917	UGUAAAUA
504	SNRPB2	ENSG00000125870	GUAUUGCAGU
506	LIN28A	ENSG00000131914	AGGAGAU
508	PIWIL1	ENSG00000125207	GCUU
509	AGO1	ENSG00000092847	UGAGGUAGUA
51	PTBP1	ENSG00000011304	UCUU
510	SRP54	ENSG00000100883	UCGG
511	DDX58	ENSG00000107201	CGUCG
512	ELAVL1	ENSG00000066044	AUUU
514	PUM2	ENSG00000055917	UGUAGAUA
517	ERI1	ENSG00000104626	UUUCAGA
518	SNRPA	ENSG00000077312	AUUGCAC
52	HNRNPA1	ENSG00000135486	GCCAAGGAGCC
521	SSB	ENSG00000138385	UUUU
522	CELF1	ENSG00000149187	UUGUU
526	RBMX	ENSG00000147274	UCAAA
530	TRA2B	ENSG00000136527	AGAAC
531	RC3H1	ENSG00000135870	UUUC
533	PUM1	ENSG00000134644	UGUAAAUA
535	OAS1	ENSG00000089127	GCAUAA
536	ADAR	ENSG00000160710	GCGC
539	PTBP1	ENSG00000011304	UCUCU
54	KHSRP	ENSG00000088247	UAGUAU
540	SRP19	ENSG00000153037	GAGC
541	TARDBP	ENSG00000120948	GUGAAUGA
542	CELF1	ENSG00000149187	UGUU
545	PUM1	ENSG00000134644	UGUCCAG
546	IFIH1	ENSG00000115267	GGGCCGCGGAU
547	SRP19	ENSG00000153037	GGAGC
548	SSB	ENSG00000138385	AUUU
554	DDX19B	ENSG00000157349	UUUUUU
563	RNASEL	ENSG00000135828	AAAA
564	NOVA2	ENSG00000104967	CCUAGAUCACC
566	SRP54	ENSG00000100883	CCUC
569	PUM1	ENSG00000134644	UGUACAU
570	SRP68	ENSG00000167881	UGCUG
572	NXF1	ENSG00000162231	CCUG
573	SRP68	ENSG00000167881	UAAG
575	NUDT21	ENSG00000167005	UUGUA
578	XPO5	ENSG00000124571	GUUU
58	SSB	ENSG00000138385	UGCUGUUUU
581	IGHMBP2	ENSG00000132740	AAAAAAA
583	SRSF7	ENSG00000115875	GACGACGAG
584	SRSF7	ENSG00000115875	UCUUCA
585	SRSF7	ENSG00000115875	UCAACA
586	SRSF7	ENSG00000115875	UCUUCA
587	SRSF7	ENSG00000115875	UGGACAA
588	SRSF7	ENSG00000115875	AGAGGAAGGCGA
589	SRSF7	ENSG00000115875	GAAGAAGAA
59	PTBP1	ENSG00000011304	UCUUU
590	SRSF7	ENSG00000115875	AAAGGACAAA
591	SRSF7	ENSG00000115875	CUCUUCAC
592	CELF1	ENSG00000149187	CUGUCUG
593	DAZAP1	ENSG00000071626	AGAAC
594	DAZAP1	ENSG00000071626	AAAAAAA
595	DAZAP1	ENSG00000071626	GGGGGGG
596	DAZAP1	ENSG00000071626	UUUUUUU
597	DAZAP1	ENSG00000071626	AGAUAU
598	DAZAP1	ENSG00000071626	AAUUUA
599	DAZAP1	ENSG00000071626	AGUAGG
6	NELFE	ENSG00000204356	CUCUGGUUAG
60	CSTF2	ENSG00000101811	GUGUGUGUUG
600	DAZAP1	ENSG00000071626	GUAACG
601	ESRP1	ENSG00000104413	AGGGAU
602	CELF2	ENSG00000048740	UGUGU
603	CELF2	ENSG00000048740	UUGUU
604	FMR1	ENSG00000102081	GGGGGGG
605	FMR1	ENSG00000102081	UUUUUUU
606	FMR1	ENSG00000102081	GGGGGGG
607	FMR1	ENSG00000102081	AAAAAAA
608	FMR1	ENSG00000102081	GGGGGGG
609	FMR1	ENSG00000102081	UUUUUUU
61	KHSRP	ENSG00000088247	UAUUUAUW
610	FMR1	ENSG00000102081	GGGGGGG
611	FMR1	ENSG00000102081	UUUUUUU
612	RBFOX1	ENSG00000078328	UGACUG
613	RBFOX1	ENSG00000078328	UGCAUG
616	RBFOX1	ENSG00000078328	UGCAUG
617	RBFOX1	ENSG00000078328	UGCAUG
620	RBFOX1	ENSG00000078328	UGCAUG
621	RBFOX1	ENSG00000078328	AGCAUG
622	RBFOX2	ENSG00000100320	UGACUG
625	RBFOX2	ENSG00000100320	UGCAUG
627	RBFOX2	ENSG00000100320	UGCAUG
63	KHSRP	ENSG00000088247	UAGGUU
630	RBFOX2	ENSG00000100320	UGCAUG
631	RBFOX2	ENSG00000100320	UGCAUG
635	HNRNPA0	ENSG00000177733	AUUUA
636	HNRNPA0	ENSG00000177733	AGAUAU
637	HNRNPA0	ENSG00000177733	AAUUUA
638	HNRNPA0	ENSG00000177733	AGUAGG
639	HNRNPA1	ENSG00000135486	GUAAGUACGC
64	NOVA1	ENSG00000139910	YCAB
640	HNRNPA1	ENSG00000135486	CUAGACUAGA
641	HNRNPA1	ENSG00000135486	CAGGGA
642	HNRNPA1	ENSG00000135486	UAGAGU
643	HNRNPA1	ENSG00000135486	UAGGCA
644	HNRNPA1	ENSG00000135486	UAGUGA
645	HNRNPA1	ENSG00000135486	UAGUGAA
646	HNRNPA1	ENSG00000135486	AUAGAA
647	HNRNPA1	ENSG00000135486	CUAGACUAGA
648	HNRNPA1	ENSG00000135486	GAGGAG
649	HNRNPA1	ENSG00000135486	CUAGACUAGA
650	HNRNPA1	ENSG00000135486	CUUAG
651	HNRNPA1	ENSG00000135486	CUGAG
652	HNRNPA1	ENSG00000135486	UAGGA
653	HNRNPA1	ENSG00000135486	UAGUUAG
654	HNRNPA1	ENSG00000135486	AUUUA
655	HNRNPA1	ENSG00000135486	AUUUAUUU
656	HNRNPA1	ENSG00000135486	UCGGGC
657	HNRNPA1	ENSG00000135486	UACGGC
658	HNRNPA1	ENSG00000135486	UAGGGC
659	HNRNPA1	ENSG00000135486	UAGGGCAGGC
660	HNRNPA1	ENSG00000135486	CGUAGGUC
661	HNRNPA1	ENSG00000135486	AGAAC
662	HNRNPA1	ENSG00000135486	UAGACA
663	HNRNPA1	ENSG00000135486	GGAGGA
664	HNRNPA1	ENSG00000135486	AAGGUG
665	HNRNPA1	ENSG00000135486	AUUUA
67	KHSRP	ENSG00000088247	GGGU
673	HNRNPA1	ENSG00000135486	GUUUAGA
674	HNRNPA1	ENSG00000135486	UUAGAUUAGA
675	HNRNPA1	ENSG00000135486	AUAGCA
676	HNRNPA1	ENSG00000135486	UUUAUA
677	HNRNPA1	ENSG00000135486	AUUUAA
678	HNRNPA1	ENSG00000135486	UAGGGU
679	HNRNPA1	ENSG00000135486	UAGAGU
680	HNRNPA1	ENSG00000135486	UAGAGU
681	HNRNPA1	ENSG00000135486	UAGAGU
682	HNRNPA1	ENSG00000135486	UAGAGU
683	HNRNPA1	ENSG00000135486	UUUUUUU
684	HNRNPA1	ENSG00000135486	CCCCCCC
685	HNRNPA1	ENSG00000135486	AAAAAAA
686	HNRNPA1	ENSG00000135486	UUUUUUU
687	HNRNPA1	ENSG00000135486	UAGGGACUUA
688	HNRNPA1	ENSG00000135486	GAGUGGUGCG
689	HNRNPA1	ENSG00000135486	UAGAGU
690	HNRNPA1	ENSG00000135486	UAGGGU
691	HNRNPA1	ENSG00000135486	UAGGGA
692	HNRNPA1	ENSG00000135486	GAGGAAG
693	HNRNPA1	ENSG00000135486	CAAAGAGGAA
694	HNRNPA1	ENSG00000135486	AGAUAU
695	HNRNPA1	ENSG00000135486	AAUUUA
696	HNRNPA1	ENSG00000135486	AGUAGG
697	HNRNPA2B1	ENSG00000122566	CUAGACUAGA
698	HNRNPA2B1	ENSG00000122566	AGAAC
699	HNRNPA2B1	ENSG00000122566	UAGACA
70	QKI	ENSG00000112531	AUCUACUCAUAU
700	HNRNPA2B1	ENSG00000122566	AUAGCA
701	HNRNPA2B1	ENSG00000122566	UUUAUA
702	HNRNPA2B1	ENSG00000122566	AUUUAA
703	HNRNPA2B1	ENSG00000122566	GCCAAGAAGCC
704	HNRNPA2B1	ENSG00000122566	GCCAAGGAACC
705	HNRNPA2B1	ENSG00000122566	GCCAAGGAGCC
706	HNRNPA2B1	ENSG00000122566	GCCAAGGGGCC
707	HNRNPA2B1	ENSG00000122566	GCGAAGGAGCC
708	HNRNPA2B1	ENSG00000122566	GCCAAGGAGCC
709	HNRNPA2B1	ENSG00000122566	AGAUAU
71	PTBP1	ENSG00000011304	UCUUCUCU
710	HNRNPA2B1	ENSG00000122566	AAUUUA
711	HNRNPA2B1	ENSG00000122566	AGUAGG
712	HNRNPC	ENSG00000092199	AUUUA
72	HNRNPA1	ENSG00000135486	UAGGGW
720	HNRNPC	ENSG00000092199	UUUUUUU
721	HNRNPC	ENSG00000092199	UUUUUUU
722	HNRNPC	ENSG00000092199	GGGGGGG
723	HNRNPC	ENSG00000092199	UUUUU
724	HNRNPC	ENSG00000092199	UUUUU
725	HNRNPC	ENSG00000092199	UUUUUUU
726	HNRNPC	ENSG00000092199	UUUUUUU
727	HNRNPC	ENSG00000092199	GGGGGGG
729	HNRNPC	ENSG00000092199	GCAUAC
730	HNRNPC	ENSG00000092199	GGAUUC
731	HNRNPC	ENSG00000092199	GGGUAC
732	HNRNPC	ENSG00000092199	GGAUAU
733	HNRNPC	ENSG00000092199	GGAUAC
735	HNRNPD	ENSG00000138668	UUAGAG
736	HNRNPD	ENSG00000138668	UUAGGA
737	HNRNPD	ENSG00000138668	UUAGGG
738	HNRNPD	ENSG00000138668	AUUUAUUUA
739	HNRNPD	ENSG00000138668	AUUUA
74	PUM1	ENSG00000134644	CUUGUAGAUAA
740	HNRNPD	ENSG00000138668	AAAAAAA
741	HNRNPD	ENSG00000138668	AGAUAU
742	HNRNPD	ENSG00000138668	AAUUUA
743	HNRNPD	ENSG00000138668	AGUAGG
744	HNRNPD	ENSG00000138668	UUAGGG
745	HNRNPDL	ENSG00000152795	AGAUAU
746	HNRNPDL	ENSG00000152795	AAUUUA
747	HNRNPDL	ENSG00000152795	AGUAGG
748	PCBP1	ENSG00000169564	CCCUCCC
749	PCBP1	ENSG00000169564	CCCUUCCC
75	PPIE	ENSG00000084072	WWWWWW
750	PCBP1	ENSG00000169564	AAAUUCCC
751	PCBP1	ENSG00000169564	CCCUUAAA
752	PCBP1	ENSG00000169564	ACAUUAAA
753	PCBP1	ENSG00000169564	CAAUUAAA
754	PCBP1	ENSG00000169564	CCAUUAAA
755	PCBP1	ENSG00000169564	ACCUUAAA
756	PCBP1	ENSG00000169564	AAACCAAA
757	PCBP1	ENSG00000169564	AAAUUCCA
758	PCBP1	ENSG00000169564	AAAUUACC
759	PCBP1	ENSG00000169564	AAAUUCAC
76	HNRNPAB	ENSG00000197451	ACAAAGACAAA
760	PCBP1	ENSG00000169564	UCCCCAA
762	PCBP1	ENSG00000169564	GGGGGGG
763	PCBP1	ENSG00000169564	CCCCCCC
764	PCBP1	ENSG00000169564	GGGGGGG
765	PCBP1	ENSG00000169564	UUUUUUU
766	PCBP1	ENSG00000169564	UUAGAG
767	PCBP1	ENSG00000169564	UUAGGA
768	PCBP1	ENSG00000169564	UUAGGG
769	PCBP1	ENSG00000169564	CCCCCCC
770	PCBP1	ENSG00000169564	GGGGGGG
771	PCBP1	ENSG00000169564	AAAAAAA
772	PCBP1	ENSG00000169564	UUUUUUU
773	PCBP1	ENSG00000169564	CCCCCCC
774	PCBP1	ENSG00000169564	CCCCCCC
775	PCBP1	ENSG00000169564	UUUUUUU
776	PCBP1	ENSG00000169564	CCCCCCC
777	PCBP2	ENSG00000197111	CCAUUC
778	PCBP2	ENSG00000197111	CCCUCCC
779	PCBP2	ENSG00000197111	CCCUUCCC
78	FMR1	ENSG00000102081	GGGCKAAGGARK
780	PCBP2	ENSG00000197111	AAAUUCCC
781	PCBP2	ENSG00000197111	CCCUUAAA
782	PCBP2	ENSG00000197111	ACAUUAAA
783	PCBP2	ENSG00000197111	CAAUUAAA
784	PCBP2	ENSG00000197111	CCAUUAAA
785	PCBP2	ENSG00000197111	ACCUUAAA
786	PCBP2	ENSG00000197111	AAACCAAA
787	PCBP2	ENSG00000197111	AAAUUCCA
788	PCBP2	ENSG00000197111	AAAUUACC
789	PCBP2	ENSG00000197111	AAAUUCAC
790	PCBP2	ENSG00000197111	GGGGGGG
791	PCBP2	ENSG00000197111	CCCCCCC
792	PCBP2	ENSG00000197111	UUAGAG
793	PCBP2	ENSG00000197111	UUAGGA
794	PCBP2	ENSG00000197111	UUAGGG
795	PCBP2	ENSG00000197111	CCCCCCC
796	PCBP2	ENSG00000197111	GGGGGGG
797	PCBP2	ENSG00000197111	CCCCCCC
798	PCBP2	ENSG00000197111	UUUUUUU
799	PCBP2	ENSG00000197111	UCCCCA
8	PTBP1	ENSG00000011304	CUCUC
800	PCBP2	ENSG00000197111	CUAACCCUAA
801	HNRNPF	ENSG00000169813	CGGGA
802	HNRNPF	ENSG00000169813	UGGGA
803	HNRNPF	ENSG00000169813	CGAUGGGAA
804	HNRNPF	ENSG00000169813	CGGGAUGGGGUA
805	HNRNPF	ENSG00000169813	CUGGGGU
806	HNRNPF	ENSG00000169813	AGGGA
807	HNRNPF	ENSG00000169813	CGGGA
808	HNRNPF	ENSG00000169813	AGGGG
809	HNRNPF	ENSG00000169813	UGGGGU
81	KHSRP	ENSG00000088247	UWUAUUUW
810	HNRNPF	ENSG00000169813	GGGGU
811	HNRNPF	ENSG00000169813	UGGGG
812	HNRNPF	ENSG00000169813	GGGGC
813	HNRNPF	ENSG00000169813	AAGGGGAA
814	HNRNPF	ENSG00000169813	AAGGCGAA
815	HNRNPF	ENSG00000169813	GGGAAUGUGGG
816	HNRNPF	ENSG00000169813	GGAGGA
817	HNRNPF	ENSG00000169813	AAGGUG
818	HNRNPF	ENSG00000169813	GGGGA
819	HNRNPF	ENSG00000169813	GGGGGCUG
82	PUM1	ENSG00000134644	CCAGAAUUGUA
820	HNRNPF	ENSG00000169813	GGGGG
821	HNRNPF	ENSG00000169813	GGGGGGG
822	HNRNPF	ENSG00000169813	GGGGGGG
823	HNRNPF	ENSG00000169813	AGGGA
824	HNRNPF	ENSG00000169813	UGGGA
825	HNRNPF	ENSG00000169813	GGGGA
826	HNRNPF	ENSG00000169813	UGGGG
827	HNRNPF	ENSG00000169813	GGGGU
828	HNRNPF	ENSG00000169813	UGGGC
829	HNRNPF	ENSG00000169813	CGGGC
83	QKI	ENSG00000112531	AUCUAAUCAUAU
830	HNRNPF	ENSG00000169813	CGGGA
831	HNRNPF	ENSG00000169813	AGGGC
832	HNRNPF	ENSG00000169813	AGGGU
833	HNRNPF	ENSG00000169813	AGGGA
834	HNRNPF	ENSG00000169813	AGGGG
835	HNRNPF	ENSG00000169813	GGGGG
836	HNRNPF	ENSG00000169813	CGGGGGGGGC
837	HNRNPF	ENSG00000169813	AGGGGAGGGG
838	HNRNPF	ENSG00000169813	AGGGAAGGGA
839	HNRNPF	ENSG00000169813	AGGGAU
84	ELAVL1	ENSG00000066044	UUUAUUUAUUU
840	HNRNPF	ENSG00000169813	AGGGAU
842	RBMX	ENSG00000147274	AUCAAA
843	RBMX	ENSG00000147274	UAAGAC
844	RBMX	ENSG00000147274	ACCAAA
845	RBMX	ENSG00000147274	UCAAAA
847	RBMX	ENSG00000147274	AAAAU
848	RBMX	ENSG00000147274	AUCCCA
849	RBMX	ENSG00000147274	AUCCCC
85	ELAVL3	ENSG00000196361	AUUUA
850	HNRNPH1	ENSG00000169045	CGGGA
851	HNRNPH1	ENSG00000169045	UGGGA
852	HNRNPH1	ENSG00000169045	AUCGGGCGU
853	HNRNPH1	ENSG00000169045	AUUGGGUGU
854	HNRNPH1	ENSG00000169045	CGGGC
855	HNRNPH1	ENSG00000169045	UGGGG
856	HNRNPH1	ENSG00000169045	GGGGA
857	HNRNPH1	ENSG00000169045	AGGGA
858	HNRNPH1	ENSG00000169045	AGGGA
859	HNRNPH1	ENSG00000169045	CGGGA
860	HNRNPH1	ENSG00000169045	AGGGG
861	HNRNPH1	ENSG00000169045	UGGGGU
862	HNRNPH1	ENSG00000169045	GGGGU
863	HNRNPH1	ENSG00000169045	UGGGG
864	HNRNPH1	ENSG00000169045	GGGGC
865	HNRNPH1	ENSG00000169045	UGGGG
866	HNRNPH1	ENSG00000169045	GGGGG
867	HNRNPH1	ENSG00000169045	GGGGU
868	HNRNPH1	ENSG00000169045	UGGGA
869	HNRNPH1	ENSG00000169045	UGGGU
870	HNRNPH1	ENSG00000169045	AAGGGGAA
871	HNRNPH1	ENSG00000169045	AAGGCGAA
872	HNRNPH1	ENSG00000169045	GGGAAUGUGGG
873	HNRNPH1	ENSG00000169045	UGGGA
874	HNRNPH1	ENSG00000169045	UGGGU
875	HNRNPH1	ENSG00000169045	GGAGGA
876	HNRNPH1	ENSG00000169045	AAGGUG
877	HNRNPH1	ENSG00000169045	GGGGA
878	HNRNPH1	ENSG00000169045	GGGGGCUG
879	HNRNPH1	ENSG00000169045	CUGGGGGCUG
880	HNRNPH1	ENSG00000169045	GGGGC
882	HNRNPH1	ENSG00000169045	UGUGGG
883	HNRNPH1	ENSG00000169045	GGGGGGG
884	HNRNPH1	ENSG00000169045	GGGGGGG
885	HNRNPH1	ENSG00000169045	AGGGA
886	HNRNPH1	ENSG00000169045	GGGUCGAGGGG
887	HNRNPH1	ENSG00000169045	AAGAA
888	HNRNPH1	ENSG00000169045	CAGGAC
889	HNRNPH1	ENSG00000169045	AGAGA
89	PPIE	ENSG00000084072	UUUUUU
890	HNRNPH1	ENSG00000169045	AGAGG
891	HNRNPH1	ENSG00000169045	AGGAG
892	HNRNPH1	ENSG00000169045	UGGGC
893	HNRNPH1	ENSG00000169045	CGGGC
894	HNRNPH1	ENSG00000169045	CGGGA
895	HNRNPH1	ENSG00000169045	AGGGC
896	HNRNPH1	ENSG00000169045	AGGGU
897	HNRNPH1	ENSG00000169045	AGGGA
898	HNRNPH1	ENSG00000169045	AGGGG
899	HNRNPH1	ENSG00000169045	GGGGG
900	HNRNPH1	ENSG00000169045	CGGGGGGGGC
901	HNRNPH1	ENSG00000169045	AGGGGAGGGG
902	HNRNPH1	ENSG00000169045	AGGGAAGGGA
903	HNRNPH2	ENSG00000126945	CGGGA
904	HNRNPH2	ENSG00000126945	UGGGA
905	HNRNPH2	ENSG00000126945	AUCGGGCGU
906	HNRNPH2	ENSG00000126945	AUUGGGUGU
907	HNRNPH2	ENSG00000126945	GGGGGA
908	HNRNPH2	ENSG00000126945	CGGGC
909	HNRNPH2	ENSG00000126945	UGGGG
91	FMR1	ENSG00000102081	KAGCGRCUGG
910	HNRNPH2	ENSG00000126945	GGGGA
911	HNRNPH2	ENSG00000126945	AGGGA
912	HNRNPH2	ENSG00000126945	AGGGA
913	HNRNPH2	ENSG00000126945	CGGGA
914	HNRNPH2	ENSG00000126945	AGGGG
915	HNRNPH2	ENSG00000126945	UGGGGU
916	HNRNPH2	ENSG00000126945	GGGGU
917	HNRNPH2	ENSG00000126945	UGGGG
918	HNRNPH2	ENSG00000126945	GGGGC
919	HNRNPH2	ENSG00000126945	UGGGG
920	HNRNPH2	ENSG00000126945	GGGGG
921	HNRNPH2	ENSG00000126945	GGGGU
922	HNRNPH2	ENSG00000126945	UGGGA
923	HNRNPH2	ENSG00000126945	UGGGU
924	HNRNPH2	ENSG00000126945	AAGGGGAA
925	HNRNPH2	ENSG00000126945	AAGGCGAA
926	HNRNPH2	ENSG00000126945	GGGAAUGUGGG
927	HNRNPH2	ENSG00000126945	GGAGGA
928	HNRNPH2	ENSG00000126945	AAGGUG
929	HNRNPH2	ENSG00000126945	GGGGA
93	PCBP1	ENSG00000169564	CCCCACCCUCUU
930	HNRNPH2	ENSG00000126945	GGGGGCUG
931	HNRNPH2	ENSG00000126945	CUGGGGGCUG
932	HNRNPH2	ENSG00000126945	GGGGC
933	HNRNPH2	ENSG00000126945	GGGGG
934	HNRNPH2	ENSG00000126945	UGUGGG
935	HNRNPH2	ENSG00000126945	GGGGGGG
936	HNRNPH2	ENSG00000126945	GGGGGGG
937	HNRNPH2	ENSG00000126945	AGGGA
938	HNRNPH2	ENSG00000126945	GGGUCGAGGGG
939	HNRNPH2	ENSG00000126945	AAGAA
940	HNRNPH2	ENSG00000126945	CAGGAC
941	HNRNPH2	ENSG00000126945	AGAGA
942	HNRNPH2	ENSG00000126945	AGAGG
943	HNRNPH2	ENSG00000126945	AGGAG
944	HNRNPH2	ENSG00000126945	UGGGC
945	HNRNPH2	ENSG00000126945	CGGGC
946	HNRNPH2	ENSG00000126945	CGGGA
947	HNRNPH2	ENSG00000126945	AGGGC
948	HNRNPH2	ENSG00000126945	AGGGU
949	HNRNPH2	ENSG00000126945	AGGGA
950	HNRNPH2	ENSG00000126945	AGGGG
951	HNRNPH2	ENSG00000126945	GGGGG
952	HNRNPH2	ENSG00000126945	CGGGGGGGGC
953	HNRNPH2	ENSG00000126945	AGGGGAGGGG
954	HNRNPH2	ENSG00000126945	AGGGAAGGGA
955	HNRNPH3	ENSG00000096746	CGGGA
956	HNRNPH3	ENSG00000096746	UGGGA
957	HNRNPH3	ENSG00000096746	AUCGGGCGU
958	HNRNPH3	ENSG00000096746	AUUGGGUGU
959	HNRNPH3	ENSG00000096746	CGGGC
96	ELAVL2	ENSG00000107105	GAAA
960	HNRNPH3	ENSG00000096746	UGGGG
961	HNRNPH3	ENSG00000096746	GGGGA
962	HNRNPH3	ENSG00000096746	AGGGA
963	HNRNPH3	ENSG00000096746	AGGGA
964	HNRNPH3	ENSG00000096746	CGGGA
965	HNRNPH3	ENSG00000096746	UGGGG
966	HNRNPH3	ENSG00000096746	GGGGG
967	HNRNPH3	ENSG00000096746	GGGGU
968	HNRNPH3	ENSG00000096746	UGGGA
969	HNRNPH3	ENSG00000096746	UGGGU
97	AKAP1	ENSG00000121057	AUAUAUAU
970	HNRNPH3	ENSG00000096746	GGGAAUGUGGG
971	HNRNPH3	ENSG00000096746	GGAGGA
972	HNRNPH3	ENSG00000096746	AAGGUG
973	HNRNPH3	ENSG00000096746	GGGGA
974	HNRNPH3	ENSG00000096746	GGGGGCUG
975	HNRNPH3	ENSG00000096746	UGUGGG
976	HNRNPH3	ENSG00000096746	GGGGGGG
977	HNRNPH3	ENSG00000096746	GGGGGGG
978	HNRNPH3	ENSG00000096746	AGGGA
979	HNRNPH3	ENSG00000096746	GGGUCGAGGGG
980	HNRNPH3	ENSG00000096746	CGGGA
981	HNRNPH3	ENSG00000096746	AGGGC
982	HNRNPH3	ENSG00000096746	AGGGU
983	HNRNPH3	ENSG00000096746	AGGGA
984	HNRNPH3	ENSG00000096746	AGGGG
985	HNRNPH3	ENSG00000096746	GGGGG
986	HNRNPH3	ENSG00000096746	CGGGGGGGGC
987	HNRNPH3	ENSG00000096746	AGGGGAGGGG
988	HNRNPH3	ENSG00000096746	AGGGAAGGGA
989	HNRNPH3	ENSG00000096746	UGGGC
99	NOVA1	ENSG00000139910	UCAY
990	HNRNPH3	ENSG00000096746	CGGGC
991	PTBP1	ENSG00000011304	UUUCUUU
992	PTBP1	ENSG00000011304	UCUCUC
993	PTBP1	ENSG00000011304	UAGCUGUG
994	PTBP1	ENSG00000011304	CUCCAUCUU
995	PTBP1	ENSG00000011304	UUAUUUUUCCCC
996	PTBP1	ENSG00000011304	CCUUUCCC
997	PTBP1	ENSG00000011304	UUCUUU
998	PTBP1	ENSG00000011304	UUCUUC
999	PTBP1	ENSG00000011304	GUCUUU
M001_0.6	A1CF	ENSG00000148584	WUAAUUR
M002_0.6	ANKHD1	ENSG00000131503	AGACGWW
M004_0.6	CELF4	ENSG00000101489	KGUGUKK
M012_0.6	CPEB2	ENSG00000137449	CHUUUUU
M013_0.6	DAZAP1	ENSG00000071626	UAGKWWR
M016_0.6	FMR1	ENSG00000102081	KGACARG
M019_0.6	SRSF10	ENSG00000188529	AGAGAVM
M020_0.6	FXR2	ENSG00000129245	DGACRRR
M021_0.6	G3BP2	ENSG00000138757	AGGAUDR
M022_0.6	HNRNPA1	ENSG00000135486	DUAGGGW
M023_0.6	HNRNPA1L2	ENSG00000139675	DUAGGGW
M024_0.6	HNRNPA2B1	ENSG00000122566	DUAGGGW
M025_0.6	HNRNPC	ENSG00000092199	HUUUUUK
M026_0.6	HNRNPK	ENSG00000165119	CCAWMCC
M027_0.6	HNRNPL	ENSG00000104824	AMAYAMA
M031_0.6	ELAVL1	ENSG00000066044	UUDUUUU
M032_0.6	IGF2BP2	ENSG00000073792	VMAHWCA
M033_0.6	KHDRBS3	ENSG00000131773	AUAAAV
M035_0.6	LIN28A	ENSG00000131914	HGGAGWA
M036_0.6	MATR3	ENSG00000015479	MAUCUUR
M037_0.6	MBNL1	ENSG00000152601	GCUUGC
M040_0.6	MSI1	ENSG00000135097	UAGUWRG
M042_0.6	PABPC4	ENSG00000090621	AAAAAAR
M043_0.6	PCBP2	ENSG00000197111	CCYYCCH
M044_0.6	PPRC1	ENSG00000148840	SSGCGCS
M046_0.6	QKI	ENSG00000112531	ACUAACV
M047_0.6	RBM28	ENSG00000106344	GWGUAGD
M048_0.6	RBM3	ENSG00000102317	RADACKA
M050_0.6	RBM14	ENSG00000239306	GCGCGSS
M051_0.6	RBM41	ENSG00000089682	WUACWUK
M052_0.6	RBM46	ENSG00000151962	RAUSAWD
M053_0.6	RBM5	ENSG00000003756	GARGGWR
M054_0.6	RBM8A	ENSG00000265241	RYGCGCB
M055_0.6	RBMS3	ENSG00000144642	MUAUAKM
M061_0.6	SAMD4A	ENSG00000020577	GCKGGHM
M062_0.6	SART3	ENSG00000075856	ARAAAAM
M065_0.6	SRSF9	ENSG00000111786	KGRWGSM
M068_0.6	SNRNP70	ENSG00000104852	RWUCAAG
M069_0.6	SNRPA	ENSG00000077312	WUGCACR
M070_0.6	SRSF2	ENSG00000161547	GGAGWD
M071_0.6	SRSF7	ENSG00000115875	ACGACG
M072_0.6	SRSF9	ENSG00000111786	AKGAVMR
M073_0.6	TUT1	ENSG00000149016	MRAUACU
M074_0.6	TARDBP	ENSG00000120948	GAAUGD
M075_0.6	TIA1	ENSG00000116001	UUUUUBK
M077_0.6	U2AF2	ENSG00000063244	UUUUUYC
M081_0.6	YBX1	ENSG00000065978	AACAUC
M082_0.6	YBX2	ENSG00000006047	AACAWCD
M083_0.6	ZC3H10	ENSG00000135482	SSAGCGM
M085_0.6	ZCRB1	ENSG00000139168	GRHUUAA
M086_0.6	SRSF10	ENSG00000188529	ARAGRRR
M087_0.6	SRSF10	ENSG00000188529	AGAGARR
M088_0.6	SRSF10	ENSG00000188529	AGAGAVV
M089_0.6	HNRNPL	ENSG00000104824	ACACRAV
M102_0.6	SRSF1	ENSG00000136450	GRAGGA
M103_0.6	SRSF1	ENSG00000136450	GGAGGA
M104_0.6	SRSF1	ENSG00000136450	GGASGRV
M106_0.6	SRSF1	ENSG00000136450	AGGASM
M108_0.6	ELAVL1	ENSG00000066044	UUWGUUU
M109_0.6	RBM14	ENSG00000239306	GCGCGSG
M111_0.6	YBX1	ENSG00000065978	AACAUCD
M112_0.6	ELAVL1	ENSG00000066044	UUURKUU
M127_0.6	ELAVL1	ENSG00000066044	UUKRUUU
M140_0.6	ENOX1	ENSG00000120658	HRKACAG
M141_0.6	ESRP2	ENSG00000103067	UGGGRAD
M142_0.6	RBM42	ENSG00000126254	AACUAMG
M143_0.6	RBMS1	ENSG00000153250	KAUAUAS
M144_0.6	PABPC3	ENSG00000151846	RAAAACM
M145_0.6	RBM5	ENSG00000003756	SAAGGRG
M146_0.6	PABPC1	ENSG00000070756	ARAAAAM
M147_0.6	CNOT4	ENSG00000080802	GACAGA
M148_0.6	PABPN1	ENSG00000100836	ARAAGA
M149_0.6	CPEB4	ENSG00000113742	UUUUUU
M150_0.6	RALY	ENSG00000125970	UUUUUUB
M151_0.6	HNRNPH2	ENSG00000126945	GGGAGGG
M152_0.6	FXR1	ENSG00000114416	AYGACR
M153_0.6	LIN28A	ENSG00000131914	YGGAGGR
M154_0.6	SRSF1	ENSG00000136450	GGRGGAV
M155_0.6	ZNF638	ENSG00000075292	BGUUSKU
M156_0.6	TIA1	ENSG00000116001	WUUUUUB
M157_0.6	CELF5	ENSG00000161082	UGUGUKK
M158_0.6	HNRNPCL1	ENSG00000179172	HUUUUUK
M159_0.6	RBFOX1	ENSG00000078328	WGCAUGM
M160_0.6	KHDRBS1	ENSG00000121774	AUAAAAV
M161_0.6	RBM6	ENSG00000004534	HAUCCAR
M162_0.6	PABPC5	ENSG00000174740	AGAAADU
M163_0.6	IGF2BP3	ENSG00000136231	AMAHWCA
M164_0.6	RBMS3	ENSG00000144642	HAUAUA
M167_0.6	MSI1	ENSG00000135097	UAGKWRG
M168_0.6	SFPQ	ENSG00000116560	KURRUKK
M169_0.6	HNRNPLL	ENSG00000143889	RCAHACA
M175_0.6	RBM24	ENSG00000112183	WGWGUGD
M176_0.6	KHDRBS2	ENSG00000112232	RAUAAAM
M177_0.6	PCBP1	ENSG00000169564	CCWWHCC
M178_0.6	CELF6	ENSG00000140488	UGUGDKG
M227_0.6	PTBP1	ENSG00000011304	HYUUUYU
M232_0.6	ELAVL1	ENSG00000066044	UUUUUUK
M246_0.6	RBMY1A1	ENSG00000234414	CWCAA
M256_0.6	ACO1	ENSG00000122729	CAGUGN
M269_0.6	ZFP36	ENSG00000128016	AAHAARBAAAG
M271_0.6	HNRNPA1	ENSG00000135486	UAGGGW
M272_0.6	SRSF1	ENSG00000136450	RGAAGAAC
M273_0.6	SRSF1	ENSG00000136450	ACGCGCA
M274_0.6	SRSF2	ENSG00000161547	GUUCGAGUA
M275_0.6	PABPC1	ENSG00000070756	AAAAA
M290_0.6	EIF4B	ENSG00000063046	SUYGGAM
M296_0.6	IGF2BP1	ENSG00000159217	AAGCACCCGUU
M298_0.6	RBFOX1	ENSG00000078328	UGCAUG
M307_0.6	NONO	ENSG00000147140	AGGGA
M316_0.6	FUS	ENSG00000089280	GGUG
M319_0.6	SNRPA	ENSG00000077312	AUUGCAC
M320_0.6	MBNL1	ENSG00000152601	YYYGCUKY
M320_0.6a	MBNL1	ENSG00000152601	YGCY
M325_0.6	NOVA2	ENSG00000104967	UCAY
M329_0.6	ELAVL2	ENSG00000107105	RWUUUAUUUWR
M331_0.6	SRSF7	ENSG00000115875	AGACKACGAY
M332_0.6	SRSF2	ENSG00000161547	UGUUCSAGWU
M333_0.6	SRSF9	ENSG00000111786	AGGAY
M345_0.6	SNRPA	ENSG00000077312	GWUWCCUGCUA
M346_0.6	SNRPA	ENSG00000077312	GGGUAUGCUG
M347_0.6	SNRPA	ENSG00000077312	GAGCAGUAGKS
M348_0.6	SNRPA	ENSG00000077312	AGGAGAU
M349_0.6	PABPC1	ENSG00000070756	ACDAAYM
M350_0.6	ZFP36	ENSG00000128016	UUAUUUAWW
M351_0.6	SRSF1	ENSG00000136450	AGGACAGAGC
M352_0.6	SRSF2	ENSG00000161547	AGSAGAGUA
M353_0.6	SRSF7	ENSG00000115875	ACGAGAGAY
M354_0.6	YTHDC1	ENSG00000083896	KVVURC
s0	ELAVL2	ENSG00000107105	HHDNHNDBD
s1	ELAVL2	ENSG00000107105	VUUUV
s10	TIA1	ENSG00000116001	VUUUUV
s100	PTBP1	ENSG00000011304	YYWHYYU
s101	ELAVL1	ENSG00000066044	UUDDUUU
s102	RBM4	ENSG00000173933	SSSSSSD
s103	KHDRBS3	ENSG00000131773	WDWWWAM
s104	SRSF10	ENSG00000188529	RRARRAR
s11	TIA1	ENSG00000116001	SUUUUUV
s12	PTBP1	ENSG00000011304	NUCUUN
s13	HNRNPC	ENSG00000092199	UUUUUN
s14	HNRNPK	ENSG00000165119	WCCCCCAH
s15	HNRNPK	ENSG00000165119	DCCCDN
s16	HNRNPK	ENSG00000165119	DCCCCWW
s17	FMR1	ENSG00000102081	DAGYRRCUGG
s18	FMR1	ENSG00000102081	GDRCDDHKGVDB
s19	SRSF5	ENSG00000100650	DVNSS
s2	ELAVL2	ENSG00000107105	VUUUUH
s20	ZRANB2	ENSG00000132485	SGGUVD
s21	ZRANB2	ENSG00000132485	NRGKHN
s22	SRSF1	ENSG00000136450	NDKAVDDMVC
s24	SFPQ	ENSG00000116560	KRVRGRVV
s25	SFPQ	ENSG00000116560	KNDVDGVDM
s26	SFPQ	ENSG00000116560	RRRRRNM
s27	NOVA1	ENSG00000139910	ANCAHC
s28	NOVA2	ENSG00000104967	ANCAHC
s29	NOVA2	ENSG00000104967	GAGDCAU
s3	ELAVL2	ENSG00000107105	VUUUUUV
s30	MBNL1	ENSG00000152601	NYGCYN
s31	FUS	ENSG00000089280	BGGUGN
s32	HNRNPA1	ENSG00000135486	YAGRNW
s33	KHDRBS1	ENSG00000121774	WUUUAM
s34	KHDRBS1	ENSG00000121774	NWAAAH
s35	HNRNPDL	ENSG00000152795	WSUSSM
s36	HNRNPDL	ENSG00000152795	RNBHNNN
s37	SRSF2	ENSG00000161547	UGCSGYC
s38	HNRNPL	ENSG00000104824	NMMN
s39	SRSF3	ENSG00000112081	BNWCRRH
s4	CELF2	ENSG00000048740	NDKBB
s40	SRSF3	ENSG00000112081	NNMWHYWN
s41	SRSF3	ENSG00000112081	HSWDMRHYN
s42	SRSF6	ENSG00000124193	NNCGKV
s43	HNRNPDL	ENSG00000152795	VVHBYWRVY
s44	HNRNPDL	ENSG00000152795	RHYWVGYR
s45	SRSF7	ENSG00000115875	HHKADWBHH
s46	SRSF2	ENSG00000161547	HSVVGHDNN
s47	SRSF2	ENSG00000161547	GHHSSAGDD
s48	SRSF1	ENSG00000136450	BNNNNNN
s49	SRSF1	ENSG00000136450	CNNNNNN
s5	CELF2	ENSG00000048740	DDNKKK
s50	SRSF1	ENSG00000136450	VDSHSKD
s51	SRSF1	ENSG00000136450	NMSSDMN
s52	SRSF2	ENSG00000161547	VRSMNVN
s53	SRSF2	ENSG00000161547	DSKVDVN
s54	YBX1	ENSG00000065978	CAYC
s55	SRSF2	ENSG00000161547	DNGCAGURGKS
s56	SRSF2	ENSG00000161547	GDWWCSHGYHM
s57	SRSF2	ENSG00000161547	NNDDRNGCBK
s58	SRSF2	ENSG00000161547	NGWWCSDGNN
s59	SRSF2	ENSG00000161547	NDNYNNNR
s6	TIAL1	ENSG00000151923	VUUUV
s60	SRSF1	ENSG00000136450	NSDNNRRY
s61	HNRNPK	ENSG00000165119	ACCCCCCCCCUA
s62	HNRNPK	ENSG00000165119	GCCCCCCUA
s63	TIAL1	ENSG00000151923	AUUM
s64	TIAL1	ENSG00000151923	CUUUUUUC
s65	TIAL1	ENSG00000151923	RUUUUUUUC
s66	TIAL1	ENSG00000151923	GUUUUUUUUG
s67	TIA1	ENSG00000116001	GUUUUUUUUC
s68	TIA1	ENSG00000116001	MUUC
s69	SFPQ	ENSG00000116560	GGAGGG
s7	TIAL1	ENSG00000151923	VUUUUV
s70	SFPQ	ENSG00000116560	UGGUCUGGAGC
s71	SFPQ	ENSG00000116560	UAGAUCGGAA
s72	SFPQ	ENSG00000116560	GGGGGGGAUC
s76	TRA2A	ENSG00000164548	AAGAAGAA
s76	TRA2B	ENSG00000136527	AAGAAGAA
s77	TRA2A	ENSG00000164548	AAGAAGAAGAA
s77	TRA2B	ENSG00000136527	AAGAAGAAGAA
s78	TRA2A	ENSG00000164548	AAGAA
s78	TRA2B	ENSG00000136527	AAGAA
s79	HNRNPDL	ENSG00000152795	ACUAACAGCA
s8	TIAL1	ENSG00000151923	VUUUUUV
s80	PTBP1	ENSG00000011304	UCUUCUU
s81	SRSF3	ENSG00000112081	CCUCGUCC
s82	SRSF7	ENSG00000115875	GGACGACGA
s83	SRSF7	ENSG00000115875	UCUCCG
s84	CELF1	ENSG00000149187	UGUGU
s85	CELF1	ENSG00000149187	UGUGUG
s86	CELF1	ENSG00000149187	UGUKUGU
s87	CELF1	ENSG00000149187	UGUGUGUG
s88	CELF1	ENSG00000149187	UGUGUGUGU
s89	CELF1	ENSG00000149187	UGUGUGUGUG
s9	TIA1	ENSG00000116001	VUUUV
s90	CELF1	ENSG00000149187	UGUGUGUGUGU
s91	CELF1	ENSG00000149187	UGUGUUGUGUGU
s92	RBFOX1	ENSG00000078328	WGCAUG
s93	ELAVL4	ENSG00000162374	UUUGUAUCUAAU
s94	NOVA1	ENSG00000139910	UCAUUCAUUCAU
s95	NOVA2	ENSG00000104967	UUUUUUU
s96	NOVA2	ENSG00000104967	GGGGGGG
s97	SRSF9	ENSG00000111786	HVVHN
s98	SRSF10	ENSG00000188529	ACAAAGACAAA
s99	SRSF1	ENSG00000136450	VVVVVVV
s99	YBX1	ENSG00000065978	SBBBBSB
